00:01:02:713134,A,168bcba3,6272919929,1,68CsCZngOkuQn5lVo+dNXKGoFx9ZmJXWR+W7NAUmEH4=,0,6,0.009369,0.002113,3.052e-05,f,17745959
00:01:11:221121,A,988f4445,6258695096,377,mbrS6V2tRbksMPO0y8EI9B9XT2ASaPRTNndslCGN/2A=,1,9,0.06873,0.07959,5.817e-05,f,17746071
00:01:11:225598,A,8b005db6,6258695096,802,mbrS6V2tRbksMPO0y8EI9B9XT2ASaPRTNndslCGN/2A=,1,9,0.06873,0.07959,5.817e-05,f,17746083
00:01:29:062400,A,d3bc6f34,6258695096,935,mbrS6V2tRbksMPO0y8EI9B9XT2ASaPRTNndslCGN/2A=,1,9,0.06873,0.07959,5.817e-05,f,17746300
00:01:29:069402,A,5119ffb7,6258695096,489,mbrS6V2tRbksMPO0y8EI9B9XT2ASaPRTNndslCGN/2A=,1,9,0.06873,0.07959,5.817e-05,f,17746320
00:01:29:069744,A,1a0b6e78,6258695096,469,mbrS6V2tRbksMPO0y8EI9B9XT2ASaPRTNndslCGN/2A=,1,9,0.06873,0.07959,5.817e-05,f,17746322
00:01:37:706218,A,b382e977,6258695096,301,mbrS6V2tRbksMPO0y8EI9B9XT2ASaPRTNndslCGN/2A=,1,9,0.06873,0.07959,5.817e-05,f,17746345
00:01:37:721198,A,b8017d93,6256014611,973,RhvHT3w1FJPk+ffa5F6xLXhD4LsykQfulu1ShcKMUgk=,2,1,0.0125,0.02457,7.629e-06,f,17746413
00:01:51:184535,A,959f3773,6258695096,557,mbrS6V2tRbksMPO0y8EI9B9XT2ASaPRTNndslCGN/2A=,1,9,0.06873,0.07959,5.817e-05,f,17746560
00:01:51:190075,A,a67776ef,6272538818,665,4Ubmtvv/epOnUEgegvGV9mCxxcZkV4z/Dm8RY/9SEYw=,0,0,0.06873,0.01193,0.0001154,f,17746586
00:01:59:848209,A,ae5d8ecd,6258695096,138,mbrS6V2tRbksMPO0y8EI9B9XT2ASaPRTNndslCGN/2A=,1,9,0.06873,0.07959,5.817e-05,f,17746668
00:02:11:420765,A,c3dd9a02,6258695096,950,mbrS6V2tRbksMPO0y8EI9B9XT2ASaPRTNndslCGN/2A=,1,9,0.06873,0.07959,5.817e-05,f,17746820
00:02:11:422588,A,609aadd3,6258695096,252,mbrS6V2tRbksMPO0y8EI9B9XT2ASaPRTNndslCGN/2A=,1,9,0.06873,0.07959,5.817e-05,f,17746828
00:02:20:034896,A,65a81e89,6258695096,383,mbrS6V2tRbksMPO0y8EI9B9XT2ASaPRTNndslCGN/2A=,1,9,0.06873,0.07959,5.817e-05,f,17746885
00:02:20:035794,A,861b24e6,6258695096,753,mbrS6V2tRbksMPO0y8EI9B9XT2ASaPRTNndslCGN/2A=,1,9,0.06873,0.07959,5.817e-05,f,17746889
00:02:20:043986,A,af2f0829,6258695096,844,mbrS6V2tRbksMPO0y8EI9B9XT2ASaPRTNndslCGN/2A=,1,9,0.06873,0.07959,5.817e-05,f,17746931
00:02:42:711191,A,dcb3b1bc,6258695096,308,mbrS6V2tRbksMPO0y8EI9B9XT2ASaPRTNndslCGN/2A=,1,9,0.06873,0.07959,5.817e-05,f,17747081
00:02:42:715775,A,67c8682f,6258695096,647,mbrS6V2tRbksMPO0y8EI9B9XT2ASaPRTNndslCGN/2A=,1,9,0.06873,0.07959,5.817e-05,f,17747090
00:02:42:717355,A,df21e35b,6258695096,198,mbrS6V2tRbksMPO0y8EI9B9XT2ASaPRTNndslCGN/2A=,1,9,0.06873,0.07959,5.817e-05,f,17747096
00:02:59:270207,A,cfdec380,6258695096,703,mbrS6V2tRbksMPO0y8EI9B9XT2ASaPRTNndslCGN/2A=,1,9,0.06873,0.07959,5.817e-05,f,17747236
00:03:07:044698,A,cf95c96a,6258695096,709,mbrS6V2tRbksMPO0y8EI9B9XT2ASaPRTNndslCGN/2A=,1,9,0.06873,0.07959,5.817e-05,f,17747318
00:03:07:051320,A,4142b133,6258695096,822,mbrS6V2tRbksMPO0y8EI9B9XT2ASaPRTNndslCGN/2A=,1,9,0.06873,0.07959,5.817e-05,f,17747324
00:03:22:913568,A,fdd7ecf6,6258695096,640,mbrS6V2tRbksMPO0y8EI9B9XT2ASaPRTNndslCGN/2A=,1,9,0.06873,0.07959,5.817e-05,f,17747427
00:03:32:624530,A,7b55c9b7,6258695096,27,mbrS6V2tRbksMPO0y8EI9B9XT2ASaPRTNndslCGN/2A=,1,9,0.06873,0.07959,5.817e-05,f,17747527
00:03:40:119108,A,9207df9e,6258695096,811,mbrS6V2tRbksMPO0y8EI9B9XT2ASaPRTNndslCGN/2A=,1,9,0.06873,0.07959,5.817e-05,f,17747638
00:03:40:120259,A,cd43185a,6258695096,456,mbrS6V2tRbksMPO0y8EI9B9XT2ASaPRTNndslCGN/2A=,1,9,0.06873,0.07959,5.817e-05,f,17747642
00:04:24:962194,A,36364474,6258695096,330,mbrS6V2tRbksMPO0y8EI9B9XT2ASaPRTNndslCGN/2A=,1,9,0.06873,0.07959,5.817e-05,f,17747737
00:04:32:626298,A,7fdfde7e,6258695096,67,mbrS6V2tRbksMPO0y8EI9B9XT2ASaPRTNndslCGN/2A=,1,9,0.06873,0.07959,5.817e-05,f,17747797
00:04:32:635563,A,716b547a,6258695096,41,mbrS6V2tRbksMPO0y8EI9B9XT2ASaPRTNndslCGN/2A=,1,9,0.06873,0.07959,5.817e-05,f,17747829
00:04:32:637767,A,3f5dab80,6271779367,0,8vU5SSVAeh9GJ4X9FV/j9A7SiLGWGoOKQdmKdAPSc/4=,2,1,0.0625,0.09546,0.0002317,f,17747844
00:04:56:828431,A,456082b5,6269380921,37,f7F3iYlP9QqyuUyW8v/H8sCjOf6XEy+lP3bzejIRLK0=,0,0,0.05627,0.0318,7.725e-05,f,17748028
00:04:56:838378,A,8052feda,6258695096,539,mbrS6V2tRbksMPO0y8EI9B9XT2ASaPRTNndslCGN/2A=,1,9,0.06873,0.07959,5.817e-05,f,17748056
00:04:56:842377,A,50479827,6258695096,382,mbrS6V2tRbksMPO0y8EI9B9XT2ASaPRTNndslCGN/2A=,1,9,0.06873,0.07959,5.817e-05,f,17748068
00:05:05:590847,A,cadc3b69,6258695096,366,mbrS6V2tRbksMPO0y8EI9B9XT2ASaPRTNndslCGN/2A=,1,9,0.06873,0.07959,5.817e-05,f,17748134
00:05:22:815581,A,eb2dbf54,6258695096,857,mbrS6V2tRbksMPO0y8EI9B9XT2ASaPRTNndslCGN/2A=,1,9,0.06873,0.07959,5.817e-05,f,17748258
00:05:51:303339,A,147c85ce,6258695096,450,mbrS6V2tRbksMPO0y8EI9B9XT2ASaPRTNndslCGN/2A=,1,9,0.06873,0.07959,5.817e-05,f,17748498
00:05:51:307532,A,9b5e411f,6258695096,897,mbrS6V2tRbksMPO0y8EI9B9XT2ASaPRTNndslCGN/2A=,1,9,0.06873,0.07959,5.817e-05,f,17748527
00:05:51:309268,A,7d5864b7,6258695096,178,mbrS6V2tRbksMPO0y8EI9B9XT2ASaPRTNndslCGN/2A=,1,9,0.06873,0.07959,5.817e-05,f,17748531
00:05:59:927818,A,ab3789cb,6258695096,57,mbrS6V2tRbksMPO0y8EI9B9XT2ASaPRTNndslCGN/2A=,1,9,0.06873,0.07959,5.817e-05,f,17748614
00:06:17:231965,A,ed7402d7,6258695096,599,mbrS6V2tRbksMPO0y8EI9B9XT2ASaPRTNndslCGN/2A=,1,9,0.06873,0.07959,5.817e-05,f,17748718
00:06:37:458383,A,5178df02,6258695096,73,mbrS6V2tRbksMPO0y8EI9B9XT2ASaPRTNndslCGN/2A=,1,9,0.06873,0.07959,5.817e-05,f,17748876
00:06:37:458744,A,13ef7497,6258695096,546,mbrS6V2tRbksMPO0y8EI9B9XT2ASaPRTNndslCGN/2A=,1,9,0.06873,0.07959,5.817e-05,f,17748880
00:06:46:189651,A,366e8675,6258695096,420,mbrS6V2tRbksMPO0y8EI9B9XT2ASaPRTNndslCGN/2A=,1,9,0.06873,0.07959,5.817e-05,f,17748974
00:06:46:191650,A,fba7c5b2,6258695096,877,mbrS6V2tRbksMPO0y8EI9B9XT2ASaPRTNndslCGN/2A=,1,9,0.06873,0.07959,5.817e-05,f,17748986
00:06:46:194410,A,ec542352,6258695096,905,mbrS6V2tRbksMPO0y8EI9B9XT2ASaPRTNndslCGN/2A=,1,9,0.06873,0.07959,5.817e-05,f,17748990
00:06:54:628298,A,67294edc,6258695096,649,mbrS6V2tRbksMPO0y8EI9B9XT2ASaPRTNndslCGN/2A=,1,9,0.06873,0.07959,5.817e-05,f,17749054
00:06:54:640655,A,98c43026,6258695096,6,mbrS6V2tRbksMPO0y8EI9B9XT2ASaPRTNndslCGN/2A=,1,9,0.06873,0.07959,5.817e-05,f,17749091
00:07:03:194136,A,4657e7d1,6272857929,119,L3uHds+euS7VozJK0GN3/2RJgaaqCD4dD9AI7OzbYBE=,0,0,0.04999,0.04773,7.725e-05,f,17749126
00:07:03:194985,A,0bf11f3e,6272904023,38,5ANFyIGysAA6XzeFuFUqyXdJfrrczugfoYfXCP0FNk8=,2,8,0.125,0.09546,7.725e-05,f,17749131
00:07:11:375740,A,e5564afe,6258695096,394,mbrS6V2tRbksMPO0y8EI9B9XT2ASaPRTNndslCGN/2A=,1,9,0.06873,0.07959,5.817e-05,f,17749203
00:07:19:262276,A,4fda0cb7,6258695096,849,mbrS6V2tRbksMPO0y8EI9B9XT2ASaPRTNndslCGN/2A=,1,9,0.06873,0.07959,5.817e-05,f,17749321
00:07:30:824299,A,a302614f,6258695096,29,mbrS6V2tRbksMPO0y8EI9B9XT2ASaPRTNndslCGN/2A=,1,9,0.06873,0.07959,5.817e-05,f,17749420
00:07:58:213100,A,068de933,6258695096,242,mbrS6V2tRbksMPO0y8EI9B9XT2ASaPRTNndslCGN/2A=,1,9,0.06873,0.07959,5.817e-05,f,17749627
00:07:58:218191,A,2b103d2f,6258695096,422,mbrS6V2tRbksMPO0y8EI9B9XT2ASaPRTNndslCGN/2A=,1,9,0.06873,0.07959,5.817e-05,f,17749650
00:08:05:622072,A,b1a27e3f,6258695096,972,mbrS6V2tRbksMPO0y8EI9B9XT2ASaPRTNndslCGN/2A=,1,9,0.06873,0.07959,5.817e-05,f,17749685
00:08:13:129982,A,b150c928,6272923803,11,d2VTjfYNax8Fa/WdwdbO7zTYZ1UWfJEyx/DBfhaR/PA=,1,4,0.03125,0.009323,0.0001545,f,17749765
00:08:13:130186,A,64475b4f,6272923803,32,d2VTjfYNax8Fa/WdwdbO7zTYZ1UWfJEyx/DBfhaR/PA=,1,4,0.03125,0.009323,0.0001545,f,17749786
00:08:13:130391,A,9fe8ffb1,6272923803,53,d2VTjfYNax8Fa/WdwdbO7zTYZ1UWfJEyx/DBfhaR/PA=,1,4,0.03125,0.009323,0.0001545,f,17749807
00:08:13:130732,A,3b1a61ef,6272923803,88,d2VTjfYNax8Fa/WdwdbO7zTYZ1UWfJEyx/DBfhaR/PA=,1,4,0.03125,0.009323,0.0001545,f,17749842
00:08:13:130850,A,63dfe6a5,6272924948,0,d2VTjfYNax8Fa/WdwdbO7zTYZ1UWfJEyx/DBfhaR/PA=,1,0,0.006248,0.009323,3.815e-05,f,17749854
00:08:52:654343,A,086bf169,6258695096,557,mbrS6V2tRbksMPO0y8EI9B9XT2ASaPRTNndslCGN/2A=,1,9,0.06873,0.07959,5.817e-05,f,17750346
00:09:15:572400,A,5f0fcf6b,6272926068,6,YTYCOQKYbhxv0VQ+70aNN8er3JM+6XkSDbcGmYn+3fQ=,0,1,0.0625,0.0636,0.001543,f,17750526
00:09:15:572497,A,dfd64cb8,6272926068,11,YTYCOQKYbhxv0VQ+70aNN8er3JM+6XkSDbcGmYn+3fQ=,0,1,0.0625,0.0636,0.001543,f,17750531
00:09:15:572556,A,0e3d22a0,6272926068,14,YTYCOQKYbhxv0VQ+70aNN8er3JM+6XkSDbcGmYn+3fQ=,0,1,0.0625,0.0636,0.001543,f,17750534
00:09:27:071481,A,88997642,6258695096,61,mbrS6V2tRbksMPO0y8EI9B9XT2ASaPRTNndslCGN/2A=,1,9,0.06873,0.07959,5.817e-05,f,17750665
00:09:33:922480,A,4bc63ec0,6272904023,12,5ANFyIGysAA6XzeFuFUqyXdJfrrczugfoYfXCP0FNk8=,2,8,0.125,0.09546,7.725e-05,f,17750706
00:09:42:306962,A,b3af41f6,6258695096,409,mbrS6V2tRbksMPO0y8EI9B9XT2ASaPRTNndslCGN/2A=,1,9,0.06873,0.07959,5.817e-05,f,17750787
00:10:14:054103,A,7ff6a8e3,6258695096,638,mbrS6V2tRbksMPO0y8EI9B9XT2ASaPRTNndslCGN/2A=,1,9,0.06873,0.07959,5.817e-05,f,17751012
00:10:14:056121,A,520345c6,6258695096,22,mbrS6V2tRbksMPO0y8EI9B9XT2ASaPRTNndslCGN/2A=,1,9,0.06873,0.07959,5.817e-05,f,17751020
00:10:33:871458,A,5571e3a1,6258695096,302,mbrS6V2tRbksMPO0y8EI9B9XT2ASaPRTNndslCGN/2A=,1,9,0.06873,0.07959,5.817e-05,f,17751164
00:10:33:876197,A,4cb7b652,6258695096,878,mbrS6V2tRbksMPO0y8EI9B9XT2ASaPRTNndslCGN/2A=,1,9,0.06873,0.07959,5.817e-05,f,17751189
00:10:41:702259,A,3936e51f,6258695096,173,mbrS6V2tRbksMPO0y8EI9B9XT2ASaPRTNndslCGN/2A=,1,9,0.06873,0.07959,5.817e-05,f,17751263
00:10:41:703068,A,40fcc42d,6258695096,696,mbrS6V2tRbksMPO0y8EI9B9XT2ASaPRTNndslCGN/2A=,1,9,0.06873,0.07959,5.817e-05,f,17751267
00:10:41:704619,A,3e3f34c5,6258695096,285,mbrS6V2tRbksMPO0y8EI9B9XT2ASaPRTNndslCGN/2A=,1,9,0.06873,0.07959,5.817e-05,f,17751275
00:10:57:506480,A,8abfa962,6258695096,282,mbrS6V2tRbksMPO0y8EI9B9XT2ASaPRTNndslCGN/2A=,1,9,0.06873,0.07959,5.817e-05,f,17751460
00:11:08:073077,A,e5fa77b3,6258695096,713,mbrS6V2tRbksMPO0y8EI9B9XT2ASaPRTNndslCGN/2A=,1,9,0.06873,0.07959,5.817e-05,f,17751586
00:11:08:074472,A,0353f43e,6258695096,185,mbrS6V2tRbksMPO0y8EI9B9XT2ASaPRTNndslCGN/2A=,1,9,0.06873,0.07959,5.817e-05,f,17751592
00:11:08:077612,A,b55ac3d7,6258695096,571,mbrS6V2tRbksMPO0y8EI9B9XT2ASaPRTNndslCGN/2A=,1,9,0.06873,0.07959,5.817e-05,f,17751615
00:11:15:465762,A,2ea5bd39,6256014611,79,RhvHT3w1FJPk+ffa5F6xLXhD4LsykQfulu1ShcKMUgk=,2,1,0.0125,0.02457,7.629e-06,f,17751716
00:11:23:375879,A,1194ef33,6258695096,246,mbrS6V2tRbksMPO0y8EI9B9XT2ASaPRTNndslCGN/2A=,1,9,0.06873,0.07959,5.817e-05,f,17751737
00:11:23:384510,A,54ba9b5a,6258695096,5,mbrS6V2tRbksMPO0y8EI9B9XT2ASaPRTNndslCGN/2A=,1,9,0.06873,0.07959,5.817e-05,f,17751755
00:11:32:020692,A,1a719990,6258695096,352,mbrS6V2tRbksMPO0y8EI9B9XT2ASaPRTNndslCGN/2A=,1,9,0.06873,0.07959,5.817e-05,f,17751803
00:11:32:025783,A,29648527,6258695096,697,mbrS6V2tRbksMPO0y8EI9B9XT2ASaPRTNndslCGN/2A=,1,9,0.06873,0.07959,5.817e-05,f,17751832
00:11:40:242174,A,4796d8e0,6258695096,314,mbrS6V2tRbksMPO0y8EI9B9XT2ASaPRTNndslCGN/2A=,1,9,0.06873,0.07959,5.817e-05,f,17751898
00:11:55:843106,A,2de49eb1,6258695096,810,mbrS6V2tRbksMPO0y8EI9B9XT2ASaPRTNndslCGN/2A=,1,9,0.06873,0.07959,5.817e-05,f,17752033
00:12:04:142490,A,43c0b6d1,6258695096,0,mbrS6V2tRbksMPO0y8EI9B9XT2ASaPRTNndslCGN/2A=,1,9,0.06873,0.07959,5.817e-05,f,17752081
00:12:12:313610,A,fc273ba2,6258695096,621,mbrS6V2tRbksMPO0y8EI9B9XT2ASaPRTNndslCGN/2A=,1,9,0.06873,0.07959,5.817e-05,f,17752183
00:12:12:319890,A,d3c7d1f5,6258695096,727,mbrS6V2tRbksMPO0y8EI9B9XT2ASaPRTNndslCGN/2A=,1,9,0.06873,0.07959,5.817e-05,f,17752192
00:12:12:323333,A,031caa20,6258695096,194,mbrS6V2tRbksMPO0y8EI9B9XT2ASaPRTNndslCGN/2A=,1,9,0.06873,0.07959,5.817e-05,f,17752201
00:12:35:803936,A,cb48c377,6258695096,582,mbrS6V2tRbksMPO0y8EI9B9XT2ASaPRTNndslCGN/2A=,1,9,0.06873,0.07959,5.817e-05,f,17752445
00:12:35:806423,A,d49350b0,6258695096,732,mbrS6V2tRbksMPO0y8EI9B9XT2ASaPRTNndslCGN/2A=,1,9,0.06873,0.07959,5.817e-05,f,17752454
00:12:56:734661,A,67f53117,6258695096,545,mbrS6V2tRbksMPO0y8EI9B9XT2ASaPRTNndslCGN/2A=,1,9,0.06873,0.07959,5.817e-05,f,17752591
00:13:25:263438,A,2095e113,6258695096,50,mbrS6V2tRbksMPO0y8EI9B9XT2ASaPRTNndslCGN/2A=,1,9,0.06873,0.07959,5.817e-05,f,17752771
00:13:36:325866,A,18d9127b,6269380921,72,f7F3iYlP9QqyuUyW8v/H8sCjOf6XEy+lP3bzejIRLK0=,0,0,0.05627,0.0318,7.725e-05,f,17752881
00:13:36:326734,A,a01aa2b9,6272793742,8490,fJYeclskJqPWsAT6TX/r9X5OiIZpSEb2PBGliYAOMxM=,0,4,0.03748,0.02545,0.0001154,f,17752886
00:13:43:935200,A,3c0ea17c,6258695096,577,mbrS6V2tRbksMPO0y8EI9B9XT2ASaPRTNndslCGN/2A=,1,9,0.06873,0.07959,5.817e-05,f,17752980
00:13:43:938341,A,05576e63,6258695096,639,mbrS6V2tRbksMPO0y8EI9B9XT2ASaPRTNndslCGN/2A=,1,9,0.06873,0.07959,5.817e-05,f,17752995
00:13:51:978418,A,cbb4494d,6258695096,457,mbrS6V2tRbksMPO0y8EI9B9XT2ASaPRTNndslCGN/2A=,1,9,0.06873,0.07959,5.817e-05,f,17753070
00:13:59:842328,A,86573f55,6272793742,5601,fJYeclskJqPWsAT6TX/r9X5OiIZpSEb2PBGliYAOMxM=,0,4,0.03748,0.02545,0.0001154,f,17753211
00:14:07:422698,A,3ae31905,6272928140,4,nHinWYr2Nep8Mr79MMvmYCrGb0NdshyX6mlnZo/Ot+I=,1,4,0.02338,0.02704,0.0003862,f,17753308
00:14:07:427467,A,6e944aa1,6272793742,4691,fJYeclskJqPWsAT6TX/r9X5OiIZpSEb2PBGliYAOMxM=,0,4,0.03748,0.02545,0.0001154,f,17753364
00:14:29:612203,A,c96ec3a3,6272793742,9249,fJYeclskJqPWsAT6TX/r9X5OiIZpSEb2PBGliYAOMxM=,0,4,0.03748,0.02545,0.0001154,f,17753388
00:14:29:615421,A,3c2f8a22,6271789353,945,8vU5SSVAeh9GJ4X9FV/j9A7SiLGWGoOKQdmKdAPSc/4=,0,0,0.009369,0.09546,0.0002317,f,17753405
00:14:29:622355,A,8fbeb558,6272793742,653,fJYeclskJqPWsAT6TX/r9X5OiIZpSEb2PBGliYAOMxM=,0,4,0.03748,0.02545,0.0001154,f,17753433
00:14:40:854669,A,db756c46,6257669344,284,nAzK1zsG1FUio+FdHeE5pB2aTSy/hD1i4oMqjqEyhwY=,0,0,0,0.003109,1.907e-05,f,17753525
00:14:40:857127,A,09478f4e,6258695096,561,mbrS6V2tRbksMPO0y8EI9B9XT2ASaPRTNndslCGN/2A=,1,9,0.06873,0.07959,5.817e-05,f,17753546
00:14:40:861262,A,b11b28d5,6258695096,242,mbrS6V2tRbksMPO0y8EI9B9XT2ASaPRTNndslCGN/2A=,1,9,0.06873,0.07959,5.817e-05,f,17753573
00:14:47:806157,A,1410605e,6272793742,2102,fJYeclskJqPWsAT6TX/r9X5OiIZpSEb2PBGliYAOMxM=,0,4,0.03748,0.02545,0.0001154,f,17753612
00:14:47:813237,A,397524b2,6258695096,310,mbrS6V2tRbksMPO0y8EI9B9XT2ASaPRTNndslCGN/2A=,1,9,0.06873,0.07959,5.817e-05,f,17753648
00:15:02:466423,A,feda6df2,6258695096,225,mbrS6V2tRbksMPO0y8EI9B9XT2ASaPRTNndslCGN/2A=,1,9,0.06873,0.07959,5.817e-05,f,17753734
00:15:12:250568,A,a31d8230,6272929766,0,YTYCOQKYbhxv0VQ+70aNN8er3JM+6XkSDbcGmYn+3fQ=,2,0,0.006248,0.007767,3.815e-05,f,17753901
00:15:12:299359,A,04f97ace,6258695096,839,mbrS6V2tRbksMPO0y8EI9B9XT2ASaPRTNndslCGN/2A=,1,9,0.06873,0.07959,5.817e-05,f,17754012
00:15:21:895175,A,d0defffe,6272793742,4318,fJYeclskJqPWsAT6TX/r9X5OiIZpSEb2PBGliYAOMxM=,0,4,0.03748,0.02545,0.0001154,f,17754144
00:15:21:896550,A,952eea76,6258695096,602,mbrS6V2tRbksMPO0y8EI9B9XT2ASaPRTNndslCGN/2A=,1,9,0.06873,0.07959,5.817e-05,f,17754159
00:15:21:901193,A,d1ba806f,6272793742,6730,fJYeclskJqPWsAT6TX/r9X5OiIZpSEb2PBGliYAOMxM=,0,4,0.03748,0.02545,0.0001154,f,17754182
00:15:29:392806,A,ae909166,6272793742,1410,fJYeclskJqPWsAT6TX/r9X5OiIZpSEb2PBGliYAOMxM=,0,4,0.03748,0.02545,0.0001154,f,17754252
00:15:37:113815,A,4e5f5db4,6272793742,1517,fJYeclskJqPWsAT6TX/r9X5OiIZpSEb2PBGliYAOMxM=,0,4,0.03748,0.02545,0.0001154,f,17754374
00:15:37:118125,A,1cc5cd1a,6258695096,413,mbrS6V2tRbksMPO0y8EI9B9XT2ASaPRTNndslCGN/2A=,1,9,0.06873,0.07959,5.817e-05,f,17754396
00:15:37:123820,A,5cc88d19,6258695096,489,mbrS6V2tRbksMPO0y8EI9B9XT2ASaPRTNndslCGN/2A=,1,9,0.06873,0.07959,5.817e-05,f,17754438
00:15:44:843708,A,cbc57575,6272793742,5115,fJYeclskJqPWsAT6TX/r9X5OiIZpSEb2PBGliYAOMxM=,0,4,0.03748,0.02545,0.0001154,f,17754459
00:15:44:851822,A,b24496a3,6272793742,7448,fJYeclskJqPWsAT6TX/r9X5OiIZpSEb2PBGliYAOMxM=,0,4,0.03748,0.02545,0.0001154,f,17754502
00:15:44:852378,A,c92468fc,6272793742,853,fJYeclskJqPWsAT6TX/r9X5OiIZpSEb2PBGliYAOMxM=,0,4,0.03748,0.02545,0.0001154,f,17754504
00:15:44:856405,A,980b387e,6272793742,8307,fJYeclskJqPWsAT6TX/r9X5OiIZpSEb2PBGliYAOMxM=,0,4,0.03748,0.02545,0.0001154,f,17754523
00:15:44:856513,A,29764f67,6272793742,3929,fJYeclskJqPWsAT6TX/r9X5OiIZpSEb2PBGliYAOMxM=,0,4,0.03748,0.02545,0.0001154,f,17754525
00:15:44:859253,A,903ff3b6,6258695096,439,mbrS6V2tRbksMPO0y8EI9B9XT2ASaPRTNndslCGN/2A=,1,9,0.06873,0.07959,5.817e-05,f,17754539
00:16:06:669965,A,ead8dbb0,6272793742,840,fJYeclskJqPWsAT6TX/r9X5OiIZpSEb2PBGliYAOMxM=,0,4,0.03748,0.02545,0.0001154,f,17754933
00:16:06:679611,A,29205073,6258695096,491,mbrS6V2tRbksMPO0y8EI9B9XT2ASaPRTNndslCGN/2A=,1,9,0.06873,0.07959,5.817e-05,f,17754979
00:16:15:293128,A,ce64bee5,6258695096,586,mbrS6V2tRbksMPO0y8EI9B9XT2ASaPRTNndslCGN/2A=,1,9,0.06873,0.07959,5.817e-05,f,17755044
00:16:15:295703,A,ef692b8a,6272793742,7812,fJYeclskJqPWsAT6TX/r9X5OiIZpSEb2PBGliYAOMxM=,0,4,0.03748,0.02545,0.0001154,f,17755059
00:16:15:296385,A,f0a57eff,6258695096,533,mbrS6V2tRbksMPO0y8EI9B9XT2ASaPRTNndslCGN/2A=,1,9,0.06873,0.07959,5.817e-05,f,17755067
00:16:15:302461,A,011c57b6,6272793742,2518,fJYeclskJqPWsAT6TX/r9X5OiIZpSEb2PBGliYAOMxM=,0,4,0.03748,0.02545,0.0001154,f,17755097
00:16:28:237502,A,012bf5c0,6272793742,6106,fJYeclskJqPWsAT6TX/r9X5OiIZpSEb2PBGliYAOMxM=,0,4,0.03748,0.02545,0.0001154,f,17755200
00:16:28:239423,A,a15ab34b,6272793742,8914,fJYeclskJqPWsAT6TX/r9X5OiIZpSEb2PBGliYAOMxM=,0,4,0.03748,0.02545,0.0001154,f,17755210
00:16:28:241471,A,19f2a0d4,6272793742,3755,fJYeclskJqPWsAT6TX/r9X5OiIZpSEb2PBGliYAOMxM=,0,4,0.03748,0.02545,0.0001154,f,17755220
00:16:28:242300,A,baa6cb71,6272793742,7875,fJYeclskJqPWsAT6TX/r9X5OiIZpSEb2PBGliYAOMxM=,0,4,0.03748,0.02545,0.0001154,f,17755228
00:16:28:246240,A,95245e3f,6258695096,372,mbrS6V2tRbksMPO0y8EI9B9XT2ASaPRTNndslCGN/2A=,1,9,0.06873,0.07959,5.817e-05,f,17755254
00:16:39:372927,A,a8b9a11a,6258695096,159,mbrS6V2tRbksMPO0y8EI9B9XT2ASaPRTNndslCGN/2A=,1,9,0.06873,0.07959,5.817e-05,f,17755372
00:16:39:376077,A,5bf40717,6258695096,685,mbrS6V2tRbksMPO0y8EI9B9XT2ASaPRTNndslCGN/2A=,1,9,0.06873,0.07959,5.817e-05,f,17755393
00:16:48:766488,A,84b0f59a,6258695096,831,mbrS6V2tRbksMPO0y8EI9B9XT2ASaPRTNndslCGN/2A=,1,9,0.06873,0.07959,5.817e-05,f,17755498
00:16:48:777050,A,fad16dc4,6258695096,13,mbrS6V2tRbksMPO0y8EI9B9XT2ASaPRTNndslCGN/2A=,1,9,0.06873,0.07959,5.817e-05,f,17755557
00:16:48:781019,A,a2bad4c0,6258695096,377,mbrS6V2tRbksMPO0y8EI9B9XT2ASaPRTNndslCGN/2A=,1,9,0.06873,0.07959,5.817e-05,f,17755576
00:16:48:782619,A,928813dc,6258695096,317,mbrS6V2tRbksMPO0y8EI9B9XT2ASaPRTNndslCGN/2A=,1,9,0.06873,0.07959,5.817e-05,f,17755586
00:16:57:983503,A,afdbe41e,6272929880,13,5ANFyIGysAA6XzeFuFUqyXdJfrrczugfoYfXCP0FNk8=,2,8,0.125,0.09546,7.725e-05,f,17755697
00:17:07:267584,A,0a589bb4,6258695096,682,mbrS6V2tRbksMPO0y8EI9B9XT2ASaPRTNndslCGN/2A=,1,9,0.06873,0.07959,5.817e-05,f,17755876
00:17:07:273318,A,111650c6,6272793742,7199,fJYeclskJqPWsAT6TX/r9X5OiIZpSEb2PBGliYAOMxM=,0,4,0.03748,0.02545,0.0001154,f,17755900
00:17:15:972608,A,db4d5684,6258695096,644,mbrS6V2tRbksMPO0y8EI9B9XT2ASaPRTNndslCGN/2A=,1,9,0.06873,0.07959,5.817e-05,f,17755996
00:17:23:573975,A,874d1467,6269380921,153,f7F3iYlP9QqyuUyW8v/H8sCjOf6XEy+lP3bzejIRLK0=,0,0,0.05627,0.0318,7.725e-05,f,17756096
00:17:23:577524,A,b3946857,6272400190,167,Nugr6rX+U6WELDvGY6ars76339mw/Uc2fgD1/rZ6fkA=,0,1,0.0625,0.0318,0.0001926,f,17756119
00:17:23:605348,A,afae4b75,6272928781,5,68CsCZngOkuQn5lVo+dNXKGoFx9ZmJXWR+W7NAUmEH4=,0,4,0.0125,0.004662,1.526e-05,f,17756260
00:17:23:605436,A,46ba05d2,6272928781,14,68CsCZngOkuQn5lVo+dNXKGoFx9ZmJXWR+W7NAUmEH4=,0,4,0.0125,0.004662,1.526e-05,f,17756269
00:17:23:605494,A,d436139a,6272928781,20,68CsCZngOkuQn5lVo+dNXKGoFx9ZmJXWR+W7NAUmEH4=,0,4,0.0125,0.004662,1.526e-05,f,17756275
00:17:23:605631,A,cfa69a95,6272928781,34,68CsCZngOkuQn5lVo+dNXKGoFx9ZmJXWR+W7NAUmEH4=,0,4,0.0125,0.004662,1.526e-05,f,17756289
00:17:23:605660,A,1e54da09,6272928781,37,68CsCZngOkuQn5lVo+dNXKGoFx9ZmJXWR+W7NAUmEH4=,0,4,0.0125,0.004662,1.526e-05,f,17756292
00:17:41:514347,A,faed1b4e,6272793742,4600,fJYeclskJqPWsAT6TX/r9X5OiIZpSEb2PBGliYAOMxM=,0,4,0.03748,0.02545,0.0001154,f,17756444
00:17:49:538538,A,fbb0688d,6258695096,104,mbrS6V2tRbksMPO0y8EI9B9XT2ASaPRTNndslCGN/2A=,1,9,0.06873,0.07959,5.817e-05,f,17756474
00:17:57:134073,A,6af3def5,6272793742,1649,fJYeclskJqPWsAT6TX/r9X5OiIZpSEb2PBGliYAOMxM=,0,4,0.03748,0.02545,0.0001154,f,17756681
00:18:18:034283,A,3d9ce827,6258695096,145,mbrS6V2tRbksMPO0y8EI9B9XT2ASaPRTNndslCGN/2A=,1,9,0.06873,0.07959,5.817e-05,f,17756922
00:18:18:034722,A,12966b0b,6258695096,458,mbrS6V2tRbksMPO0y8EI9B9XT2ASaPRTNndslCGN/2A=,1,9,0.06873,0.07959,5.817e-05,f,17756924
00:18:18:035268,A,15ba73b5,6258695096,276,mbrS6V2tRbksMPO0y8EI9B9XT2ASaPRTNndslCGN/2A=,1,9,0.06873,0.07959,5.817e-05,f,17756928
00:18:18:037755,A,1921a845,6258695096,504,mbrS6V2tRbksMPO0y8EI9B9XT2ASaPRTNndslCGN/2A=,1,9,0.06873,0.07959,5.817e-05,f,17756935
00:18:18:045186,A,45d96a56,6258695096,336,mbrS6V2tRbksMPO0y8EI9B9XT2ASaPRTNndslCGN/2A=,1,9,0.06873,0.07959,5.817e-05,f,17756960
00:18:35:282793,A,ef38c6c9,6258695096,312,mbrS6V2tRbksMPO0y8EI9B9XT2ASaPRTNndslCGN/2A=,1,9,0.06873,0.07959,5.817e-05,f,17757121
00:18:35:288010,A,500f5171,6272793742,3798,fJYeclskJqPWsAT6TX/r9X5OiIZpSEb2PBGliYAOMxM=,0,4,0.03748,0.02545,0.0001154,f,17757143
00:18:44:192305,A,14926660,6258695096,629,mbrS6V2tRbksMPO0y8EI9B9XT2ASaPRTNndslCGN/2A=,1,9,0.06873,0.07959,5.817e-05,f,17757187
00:18:44:193797,A,93cc6601,6258695096,716,mbrS6V2tRbksMPO0y8EI9B9XT2ASaPRTNndslCGN/2A=,1,9,0.06873,0.07959,5.817e-05,f,17757193
00:19:21:964876,A,b4599668,6272793742,6703,fJYeclskJqPWsAT6TX/r9X5OiIZpSEb2PBGliYAOMxM=,0,4,0.03748,0.02545,0.0001154,f,17757489
00:19:52:353431,A,67f38a0e,6272398118,1911,Nugr6rX+U6WELDvGY6ars76339mw/Uc2fgD1/rZ6fkA=,0,1,0.0625,0.0318,0.0002699,f,17757609
00:20:00:509942,A,35bb53f0,6258695096,241,mbrS6V2tRbksMPO0y8EI9B9XT2ASaPRTNndslCGN/2A=,1,9,0.06873,0.07959,5.817e-05,f,17757662
00:20:12:132459,A,99015beb,6258695096,345,mbrS6V2tRbksMPO0y8EI9B9XT2ASaPRTNndslCGN/2A=,1,9,0.06873,0.07959,5.817e-05,f,17757747
00:20:12:133795,A,e22cd6a8,6258695096,473,mbrS6V2tRbksMPO0y8EI9B9XT2ASaPRTNndslCGN/2A=,1,9,0.06873,0.07959,5.817e-05,f,17757749
00:20:12:137287,A,3a940d9a,6272596527,0,mbrS6V2tRbksMPO0y8EI9B9XT2ASaPRTNndslCGN/2A=,1,9,0.06873,0.07959,9.632e-05,f,17757759
00:20:12:137511,A,e1011807,6272793742,946,fJYeclskJqPWsAT6TX/r9X5OiIZpSEb2PBGliYAOMxM=,0,4,0.03748,0.02545,0.0001154,f,17757761
00:20:20:670854,A,29c52642,6258695096,264,mbrS6V2tRbksMPO0y8EI9B9XT2ASaPRTNndslCGN/2A=,1,9,0.06873,0.07959,5.817e-05,f,17757811
00:20:29:736238,A,cae37f10,6256014611,3069,RhvHT3w1FJPk+ffa5F6xLXhD4LsykQfulu1ShcKMUgk=,2,1,0.0125,0.02457,7.629e-06,f,17757861
00:20:30:386937,A,1199427f,6258695096,671,mbrS6V2tRbksMPO0y8EI9B9XT2ASaPRTNndslCGN/2A=,1,9,0.06873,0.07959,5.817e-05,f,17757882
00:20:39:017131,A,171bf987,6272538818,239,4Ubmtvv/epOnUEgegvGV9mCxxcZkV4z/Dm8RY/9SEYw=,0,0,0.06873,0.01193,0.0001154,f,17757987
00:20:47:763076,A,c915acb2,6258695096,0,mbrS6V2tRbksMPO0y8EI9B9XT2ASaPRTNndslCGN/2A=,1,9,0.06873,0.07959,5.817e-05,f,17758056
00:21:14:125214,A,0acedee4,6258695096,19,mbrS6V2tRbksMPO0y8EI9B9XT2ASaPRTNndslCGN/2A=,1,9,0.06873,0.07959,5.817e-05,f,17758247
00:21:22:571205,A,94cba76b,6258695096,408,mbrS6V2tRbksMPO0y8EI9B9XT2ASaPRTNndslCGN/2A=,1,9,0.06873,0.07959,5.817e-05,f,17758309
00:21:22:575516,A,2c5fd449,6258695096,886,mbrS6V2tRbksMPO0y8EI9B9XT2ASaPRTNndslCGN/2A=,1,9,0.06873,0.07959,5.817e-05,f,17758326
00:21:41:083136,A,11cfdc91,6258695096,555,mbrS6V2tRbksMPO0y8EI9B9XT2ASaPRTNndslCGN/2A=,1,9,0.06873,0.07959,5.817e-05,f,17758480
00:21:41:086023,A,7304f061,6258695096,482,mbrS6V2tRbksMPO0y8EI9B9XT2ASaPRTNndslCGN/2A=,1,9,0.06873,0.07959,5.817e-05,f,17758486
00:21:41:090519,A,7a6a7669,6258695096,846,mbrS6V2tRbksMPO0y8EI9B9XT2ASaPRTNndslCGN/2A=,1,9,0.06873,0.07959,5.817e-05,f,17758496
00:21:53:565940,A,f81afb97,6258695096,841,mbrS6V2tRbksMPO0y8EI9B9XT2ASaPRTNndslCGN/2A=,1,9,0.06873,0.07959,5.817e-05,f,17758553
00:21:53:572991,A,fab7599c,6258695096,763,mbrS6V2tRbksMPO0y8EI9B9XT2ASaPRTNndslCGN/2A=,1,9,0.06873,0.07959,5.817e-05,f,17758582
00:22:01:713801,A,ba83b536,6258695096,832,mbrS6V2tRbksMPO0y8EI9B9XT2ASaPRTNndslCGN/2A=,1,9,0.06873,0.07959,5.817e-05,f,17758641
00:22:10:755321,A,64a6008f,6272857929,36,L3uHds+euS7VozJK0GN3/2RJgaaqCD4dD9AI7OzbYBE=,0,0,0.04999,0.04773,7.725e-05,f,17758744
00:22:10:760187,A,4c734b34,6258695096,963,mbrS6V2tRbksMPO0y8EI9B9XT2ASaPRTNndslCGN/2A=,1,9,0.06873,0.07959,5.817e-05,f,17758770
00:22:10:767287,A,3f5efa1c,6258695096,308,mbrS6V2tRbksMPO0y8EI9B9XT2ASaPRTNndslCGN/2A=,1,9,0.06873,0.07959,5.817e-05,f,17758805
00:22:19:416917,A,7b693efc,6258695096,809,mbrS6V2tRbksMPO0y8EI9B9XT2ASaPRTNndslCGN/2A=,1,9,0.06873,0.07959,5.817e-05,f,17758870
00:22:19:421745,A,351307cf,6258695096,664,mbrS6V2tRbksMPO0y8EI9B9XT2ASaPRTNndslCGN/2A=,1,9,0.06873,0.07959,5.817e-05,f,17758889
00:22:28:797869,A,110d13ab,6258695096,168,mbrS6V2tRbksMPO0y8EI9B9XT2ASaPRTNndslCGN/2A=,1,9,0.06873,0.07959,5.817e-05,f,17758907
00:22:28:802853,A,6ba4760c,6258695096,183,mbrS6V2tRbksMPO0y8EI9B9XT2ASaPRTNndslCGN/2A=,1,9,0.06873,0.07959,5.817e-05,f,17758931
00:22:37:171849,A,b05ce472,6272793742,3314,fJYeclskJqPWsAT6TX/r9X5OiIZpSEb2PBGliYAOMxM=,0,4,0.03748,0.02545,0.0001154,f,17759033
00:22:46:060715,A,b36c5f63,6258695096,764,mbrS6V2tRbksMPO0y8EI9B9XT2ASaPRTNndslCGN/2A=,1,9,0.06873,0.07959,5.817e-05,f,17759184
00:23:02:469798,A,f219c437,6258695096,335,mbrS6V2tRbksMPO0y8EI9B9XT2ASaPRTNndslCGN/2A=,1,9,0.06873,0.07959,5.817e-05,f,17759256
00:23:02:470939,A,46d68d1f,6258695096,224,mbrS6V2tRbksMPO0y8EI9B9XT2ASaPRTNndslCGN/2A=,1,9,0.06873,0.07959,5.817e-05,f,17759262
00:23:02:472168,A,b7f8f90d,6258695096,413,mbrS6V2tRbksMPO0y8EI9B9XT2ASaPRTNndslCGN/2A=,1,9,0.06873,0.07959,5.817e-05,f,17759270
00:23:11:148958,A,2ca75df6,6258695096,697,mbrS6V2tRbksMPO0y8EI9B9XT2ASaPRTNndslCGN/2A=,1,9,0.06873,0.07959,5.817e-05,f,17759331
00:23:19:676772,A,bfa91a96,6258695096,452,mbrS6V2tRbksMPO0y8EI9B9XT2ASaPRTNndslCGN/2A=,1,9,0.06873,0.07959,5.817e-05,f,17759408
00:23:28:114893,A,a6de2083,6258695096,116,mbrS6V2tRbksMPO0y8EI9B9XT2ASaPRTNndslCGN/2A=,1,9,0.06873,0.07959,5.817e-05,f,17759507
00:23:48:557249,A,045d3bc9,6258695096,566,mbrS6V2tRbksMPO0y8EI9B9XT2ASaPRTNndslCGN/2A=,1,9,0.06873,0.07959,5.817e-05,f,17759646
00:23:48:558955,A,327d19cc,6258695096,681,mbrS6V2tRbksMPO0y8EI9B9XT2ASaPRTNndslCGN/2A=,1,9,0.06873,0.07959,5.817e-05,f,17759652
00:23:48:559599,A,e30872bd,6258695096,162,mbrS6V2tRbksMPO0y8EI9B9XT2ASaPRTNndslCGN/2A=,1,9,0.06873,0.07959,5.817e-05,f,17759654
00:24:05:815423,A,d10802cd,6258695096,504,mbrS6V2tRbksMPO0y8EI9B9XT2ASaPRTNndslCGN/2A=,1,9,0.06873,0.07959,5.817e-05,f,17759859
00:24:13:703070,A,f7b30851,6258695096,226,mbrS6V2tRbksMPO0y8EI9B9XT2ASaPRTNndslCGN/2A=,1,9,0.06873,0.07959,5.817e-05,f,17759939
00:24:13:712872,A,38733e80,6258695096,329,mbrS6V2tRbksMPO0y8EI9B9XT2ASaPRTNndslCGN/2A=,1,9,0.06873,0.07959,5.817e-05,f,17759966
00:24:43:306374,A,12c4f1fd,6258695096,796,mbrS6V2tRbksMPO0y8EI9B9XT2ASaPRTNndslCGN/2A=,1,9,0.06873,0.07959,5.817e-05,f,17760014
00:24:43:313045,A,f384a69c,6258695096,312,mbrS6V2tRbksMPO0y8EI9B9XT2ASaPRTNndslCGN/2A=,1,9,0.06873,0.07959,5.817e-05,f,17760034
00:24:53:039065,A,06ef9070,6258695096,552,mbrS6V2tRbksMPO0y8EI9B9XT2ASaPRTNndslCGN/2A=,1,9,0.06873,0.07959,5.817e-05,f,17760096
00:25:21:328265,A,4191f9cc,6272538818,45,4Ubmtvv/epOnUEgegvGV9mCxxcZkV4z/Dm8RY/9SEYw=,0,0,0.06873,0.01193,0.0001154,f,17760309
00:25:21:333570,A,8ad3ae11,6271789353,1781,8vU5SSVAeh9GJ4X9FV/j9A7SiLGWGoOKQdmKdAPSc/4=,0,0,0.009369,0.09546,0.0002317,f,17760328
00:25:38:255745,A,5b2c2b7c,6258695096,317,mbrS6V2tRbksMPO0y8EI9B9XT2ASaPRTNndslCGN/2A=,1,9,0.06873,0.07959,5.817e-05,f,17760550
00:26:32:873691,A,97f14edf,6258695096,186,mbrS6V2tRbksMPO0y8EI9B9XT2ASaPRTNndslCGN/2A=,1,9,0.06873,0.07959,5.817e-05,f,17761008
00:26:43:115915,A,c424c639,6258695096,782,mbrS6V2tRbksMPO0y8EI9B9XT2ASaPRTNndslCGN/2A=,1,9,0.06873,0.07959,5.817e-05,f,17761079
00:27:06:428767,A,1c9ba718,6258695096,748,mbrS6V2tRbksMPO0y8EI9B9XT2ASaPRTNndslCGN/2A=,1,9,0.06873,0.07959,5.817e-05,f,17761336
00:27:06:432171,A,8c03b762,6258695096,194,mbrS6V2tRbksMPO0y8EI9B9XT2ASaPRTNndslCGN/2A=,1,9,0.06873,0.07959,5.817e-05,f,17761356
00:27:06:442284,A,10465587,6258695096,394,mbrS6V2tRbksMPO0y8EI9B9XT2ASaPRTNndslCGN/2A=,1,9,0.06873,0.07959,5.817e-05,f,17761388
00:27:24:283095,A,e5a2afda,6258695096,870,mbrS6V2tRbksMPO0y8EI9B9XT2ASaPRTNndslCGN/2A=,1,9,0.06873,0.07959,5.817e-05,f,17761509
00:27:32:298879,A,62c0dceb,6258695096,626,mbrS6V2tRbksMPO0y8EI9B9XT2ASaPRTNndslCGN/2A=,1,9,0.06873,0.07959,5.817e-05,f,17761604
00:27:57:601812,A,5e681fe9,6272857929,74,L3uHds+euS7VozJK0GN3/2RJgaaqCD4dD9AI7OzbYBE=,0,0,0.04999,0.04773,7.725e-05,f,17761818
00:27:57:608219,A,4f4ececb,6258695096,134,mbrS6V2tRbksMPO0y8EI9B9XT2ASaPRTNndslCGN/2A=,1,9,0.06873,0.07959,5.817e-05,f,17761844
00:28:14:408597,A,e45437c9,6258695096,257,mbrS6V2tRbksMPO0y8EI9B9XT2ASaPRTNndslCGN/2A=,1,9,0.06873,0.07959,5.817e-05,f,17762034
00:28:30:818928,A,6ebd7a57,6272793742,7498,fJYeclskJqPWsAT6TX/r9X5OiIZpSEb2PBGliYAOMxM=,0,4,0.03748,0.02545,0.0001154,f,17762172
00:28:39:247823,A,8f6813e8,6258695096,709,mbrS6V2tRbksMPO0y8EI9B9XT2ASaPRTNndslCGN/2A=,1,9,0.06873,0.07959,5.817e-05,f,17762221
00:28:39:248945,A,c2f308f2,6258695096,609,mbrS6V2tRbksMPO0y8EI9B9XT2ASaPRTNndslCGN/2A=,1,9,0.06873,0.07959,5.817e-05,f,17762225
00:28:39:257410,A,0c3f5ab4,6258695096,408,mbrS6V2tRbksMPO0y8EI9B9XT2ASaPRTNndslCGN/2A=,1,9,0.06873,0.07959,5.817e-05,f,17762253
00:28:39:262803,A,985cbd97,6258695096,620,mbrS6V2tRbksMPO0y8EI9B9XT2ASaPRTNndslCGN/2A=,1,9,0.06873,0.07959,5.817e-05,f,17762279
00:28:39:264061,A,d49d0fe9,6258695096,787,mbrS6V2tRbksMPO0y8EI9B9XT2ASaPRTNndslCGN/2A=,1,9,0.06873,0.07959,5.817e-05,f,17762285
00:28:51:422179,A,bfe9fac2,6258695096,209,mbrS6V2tRbksMPO0y8EI9B9XT2ASaPRTNndslCGN/2A=,1,9,0.06873,0.07959,5.817e-05,f,17762338
00:28:51:424627,A,6afa76c6,6258695096,339,mbrS6V2tRbksMPO0y8EI9B9XT2ASaPRTNndslCGN/2A=,1,9,0.06873,0.07959,5.817e-05,f,17762349
00:29:00:539377,A,a5261d6e,6258695096,430,mbrS6V2tRbksMPO0y8EI9B9XT2ASaPRTNndslCGN/2A=,1,9,0.06873,0.07959,5.817e-05,f,17762427
00:29:00:542020,A,ee9dbe94,6258695096,4,mbrS6V2tRbksMPO0y8EI9B9XT2ASaPRTNndslCGN/2A=,1,9,0.06873,0.07959,5.817e-05,f,17762434
00:29:24:657513,A,d9a3b53f,6258695096,252,mbrS6V2tRbksMPO0y8EI9B9XT2ASaPRTNndslCGN/2A=,1,9,0.06873,0.07959,5.817e-05,f,17762716
00:29:24:663042,A,d55631fb,6258695096,70,mbrS6V2tRbksMPO0y8EI9B9XT2ASaPRTNndslCGN/2A=,1,9,0.06873,0.07959,5.817e-05,f,17762737
00:29:32:853970,A,d32a708d,6258695096,702,mbrS6V2tRbksMPO0y8EI9B9XT2ASaPRTNndslCGN/2A=,1,9,0.06873,0.07959,5.817e-05,f,17762842
00:29:41:578333,A,f2f0ae9b,6272857929,310,L3uHds+euS7VozJK0GN3/2RJgaaqCD4dD9AI7OzbYBE=,0,0,0.04999,0.04773,7.725e-05,f,17762883
00:29:41:579698,A,521c04f7,6269381149,110,f7F3iYlP9QqyuUyW8v/H8sCjOf6XEy+lP3bzejIRLK0=,0,0,0.05627,0.0202,7.725e-05,f,17762894
00:29:42:005350,A,86c0cbb8,6272793742,8707,fJYeclskJqPWsAT6TX/r9X5OiIZpSEb2PBGliYAOMxM=,0,4,0.03748,0.02545,0.0001154,f,17762917
00:29:42:010470,A,83df6a1f,6258695096,168,mbrS6V2tRbksMPO0y8EI9B9XT2ASaPRTNndslCGN/2A=,1,9,0.06873,0.07959,5.817e-05,f,17762940
00:29:42:010665,A,2e1196ea,6258695096,217,mbrS6V2tRbksMPO0y8EI9B9XT2ASaPRTNndslCGN/2A=,1,9,0.06873,0.07959,5.817e-05,f,17762942
00:29:42:015220,A,d8237cbb,6258695096,478,mbrS6V2tRbksMPO0y8EI9B9XT2ASaPRTNndslCGN/2A=,1,9,0.06873,0.07959,5.817e-05,f,17762964
00:29:50:294289,A,93d1b6bc,6258695096,85,mbrS6V2tRbksMPO0y8EI9B9XT2ASaPRTNndslCGN/2A=,1,9,0.06873,0.07959,5.817e-05,f,17763016
00:29:50:295752,A,6caca096,6258695096,100,mbrS6V2tRbksMPO0y8EI9B9XT2ASaPRTNndslCGN/2A=,1,9,0.06873,0.07959,5.817e-05,f,17763019
00:30:00:887257,A,448b28fd,6272793742,9675,fJYeclskJqPWsAT6TX/r9X5OiIZpSEb2PBGliYAOMxM=,0,4,0.03748,0.02545,0.0001154,f,17763127
00:30:08:885819,A,d43c9b70,6258695096,616,mbrS6V2tRbksMPO0y8EI9B9XT2ASaPRTNndslCGN/2A=,1,9,0.06873,0.07959,5.817e-05,f,17763159
00:30:08:886287,A,34c740b1,6258695096,90,mbrS6V2tRbksMPO0y8EI9B9XT2ASaPRTNndslCGN/2A=,1,9,0.06873,0.07959,5.817e-05,f,17763161
00:30:08:898467,A,3b39f7b4,6258695096,306,mbrS6V2tRbksMPO0y8EI9B9XT2ASaPRTNndslCGN/2A=,1,9,0.06873,0.07959,5.817e-05,f,17763212
00:30:17:530105,A,a5d6e5dd,6272793742,1440,fJYeclskJqPWsAT6TX/r9X5OiIZpSEb2PBGliYAOMxM=,0,4,0.03748,0.02545,0.0001154,f,17763282
00:30:27:434945,A,27670681,6258695096,804,mbrS6V2tRbksMPO0y8EI9B9XT2ASaPRTNndslCGN/2A=,1,9,0.06873,0.07959,5.817e-05,f,17763345
00:30:27:438963,A,c76a5bde,6258695096,503,mbrS6V2tRbksMPO0y8EI9B9XT2ASaPRTNndslCGN/2A=,1,9,0.06873,0.07959,5.817e-05,f,17763367
00:30:27:442103,A,aed71ac4,6258695096,3,mbrS6V2tRbksMPO0y8EI9B9XT2ASaPRTNndslCGN/2A=,1,9,0.06873,0.07959,5.817e-05,f,17763375
00:30:38:198014,A,2a6bd45c,6258695096,570,mbrS6V2tRbksMPO0y8EI9B9XT2ASaPRTNndslCGN/2A=,1,9,0.06873,0.07959,5.817e-05,f,17763438
00:30:38:203748,A,35585d24,6258695096,250,mbrS6V2tRbksMPO0y8EI9B9XT2ASaPRTNndslCGN/2A=,1,9,0.06873,0.07959,5.817e-05,f,17763463
00:31:02:344626,A,d70f9fd8,6258695096,200,mbrS6V2tRbksMPO0y8EI9B9XT2ASaPRTNndslCGN/2A=,1,9,0.06873,0.07959,5.817e-05,f,17763752
00:31:10:014552,A,b22b28d3,6258695096,481,mbrS6V2tRbksMPO0y8EI9B9XT2ASaPRTNndslCGN/2A=,1,9,0.06873,0.07959,5.817e-05,f,17763795
00:31:10:021486,A,928c38de,6258695096,940,mbrS6V2tRbksMPO0y8EI9B9XT2ASaPRTNndslCGN/2A=,1,9,0.06873,0.07959,5.817e-05,f,17763831
00:31:17:536739,A,bee17454,6272793742,9520,fJYeclskJqPWsAT6TX/r9X5OiIZpSEb2PBGliYAOMxM=,0,4,0.03748,0.02545,0.0001154,f,17763885
00:31:17:537295,A,7d2e9ee1,6258695096,261,mbrS6V2tRbksMPO0y8EI9B9XT2ASaPRTNndslCGN/2A=,1,9,0.06873,0.07959,5.817e-05,f,17763887
00:31:26:045681,A,00b48737,6258695096,469,mbrS6V2tRbksMPO0y8EI9B9XT2ASaPRTNndslCGN/2A=,1,9,0.06873,0.07959,5.817e-05,f,17763963
00:31:26:047681,A,97ddbaf4,6258695096,428,mbrS6V2tRbksMPO0y8EI9B9XT2ASaPRTNndslCGN/2A=,1,9,0.06873,0.07959,5.817e-05,f,17763981
00:31:26:050753,A,beaa7dfc,6258695096,723,mbrS6V2tRbksMPO0y8EI9B9XT2ASaPRTNndslCGN/2A=,1,9,0.06873,0.07959,5.817e-05,f,17763998
00:31:26:053171,A,e1a52b4f,6258695096,591,mbrS6V2tRbksMPO0y8EI9B9XT2ASaPRTNndslCGN/2A=,1,9,0.06873,0.07959,5.817e-05,f,17764009
00:31:26:053425,A,b6e7a3c3,6258695096,393,mbrS6V2tRbksMPO0y8EI9B9XT2ASaPRTNndslCGN/2A=,1,9,0.06873,0.07959,5.817e-05,f,17764011
00:31:26:054302,A,2800fd3b,6258695096,312,mbrS6V2tRbksMPO0y8EI9B9XT2ASaPRTNndslCGN/2A=,1,9,0.06873,0.07959,5.817e-05,f,17764015
00:31:26:055414,A,3eecde13,6258695096,335,mbrS6V2tRbksMPO0y8EI9B9XT2ASaPRTNndslCGN/2A=,1,9,0.06873,0.07959,5.817e-05,f,17764021
00:31:34:202651,A,d1bfad7d,6258695096,381,mbrS6V2tRbksMPO0y8EI9B9XT2ASaPRTNndslCGN/2A=,1,9,0.06873,0.07959,5.817e-05,f,17764058
00:31:49:887415,A,e7a1782a,6258695096,395,mbrS6V2tRbksMPO0y8EI9B9XT2ASaPRTNndslCGN/2A=,1,9,0.06873,0.07959,5.817e-05,f,17764232
00:31:49:896514,A,339580d2,6258695096,279,mbrS6V2tRbksMPO0y8EI9B9XT2ASaPRTNndslCGN/2A=,1,9,0.06873,0.07959,5.817e-05,f,17764276
00:32:14:049358,A,4923eeef,6258695096,665,mbrS6V2tRbksMPO0y8EI9B9XT2ASaPRTNndslCGN/2A=,1,9,0.06873,0.07959,5.817e-05,f,17764478
00:32:14:052762,A,d00bd5d7,6258695096,46,mbrS6V2tRbksMPO0y8EI9B9XT2ASaPRTNndslCGN/2A=,1,9,0.06873,0.07959,5.817e-05,f,17764493
00:32:35:801712,A,608bd654,6258695096,791,mbrS6V2tRbksMPO0y8EI9B9XT2ASaPRTNndslCGN/2A=,1,9,0.06873,0.07959,5.817e-05,f,17764630
00:32:55:536435,A,4479bac5,6258695096,366,mbrS6V2tRbksMPO0y8EI9B9XT2ASaPRTNndslCGN/2A=,1,9,0.06873,0.07959,5.817e-05,f,17764763
00:32:55:541224,A,040ee6d2,6258695096,783,mbrS6V2tRbksMPO0y8EI9B9XT2ASaPRTNndslCGN/2A=,1,9,0.06873,0.07959,5.817e-05,f,17764776
00:32:55:543174,A,5d7f74bd,6272793742,2021,fJYeclskJqPWsAT6TX/r9X5OiIZpSEb2PBGliYAOMxM=,0,4,0.03748,0.02545,0.0001154,f,17764779
00:33:03:914023,A,86e08e0d,6258695096,330,mbrS6V2tRbksMPO0y8EI9B9XT2ASaPRTNndslCGN/2A=,1,9,0.06873,0.07959,5.817e-05,f,17764818
00:33:03:927023,A,8a7a284c,6258695096,437,mbrS6V2tRbksMPO0y8EI9B9XT2ASaPRTNndslCGN/2A=,1,9,0.06873,0.07959,5.817e-05,f,17764852
00:33:11:592394,A,365a2aeb,6258695096,410,mbrS6V2tRbksMPO0y8EI9B9XT2ASaPRTNndslCGN/2A=,1,9,0.06873,0.07959,5.817e-05,f,17764926
00:33:36:687728,A,29ce50b3,6258695096,718,mbrS6V2tRbksMPO0y8EI9B9XT2ASaPRTNndslCGN/2A=,1,9,0.06873,0.07959,5.817e-05,f,17765090
00:33:36:691356,A,cf7c52c4,6258695096,896,mbrS6V2tRbksMPO0y8EI9B9XT2ASaPRTNndslCGN/2A=,1,9,0.06873,0.07959,5.817e-05,f,17765110
00:33:36:691483,A,41c943ac,6258695096,748,mbrS6V2tRbksMPO0y8EI9B9XT2ASaPRTNndslCGN/2A=,1,9,0.06873,0.07959,5.817e-05,f,17765112
00:33:44:456290,A,1655976b,6272793742,8094,fJYeclskJqPWsAT6TX/r9X5OiIZpSEb2PBGliYAOMxM=,0,4,0.03748,0.02545,0.0001154,f,17765173
00:33:52:205278,A,1561848f,6258695096,787,mbrS6V2tRbksMPO0y8EI9B9XT2ASaPRTNndslCGN/2A=,1,9,0.06873,0.07959,5.817e-05,f,17765297
00:33:59:854597,A,02e4c716,6258695096,862,mbrS6V2tRbksMPO0y8EI9B9XT2ASaPRTNndslCGN/2A=,1,9,0.06873,0.07959,5.817e-05,f,17765315
00:34:08:800436,A,0c63596c,6258695096,851,mbrS6V2tRbksMPO0y8EI9B9XT2ASaPRTNndslCGN/2A=,1,9,0.06873,0.07959,5.817e-05,f,17765387
00:34:08:806132,A,0e91e457,6258695096,338,mbrS6V2tRbksMPO0y8EI9B9XT2ASaPRTNndslCGN/2A=,1,9,0.06873,0.07959,5.817e-05,f,17765409
00:34:28:562895,A,effea4a0,6258695096,17,mbrS6V2tRbksMPO0y8EI9B9XT2ASaPRTNndslCGN/2A=,1,9,0.06873,0.07959,5.817e-05,f,17765619
00:34:28:565821,A,abab40da,6258695096,346,mbrS6V2tRbksMPO0y8EI9B9XT2ASaPRTNndslCGN/2A=,1,9,0.06873,0.07959,5.817e-05,f,17765631
00:34:59:467049,A,0d6a852a,6258695096,104,mbrS6V2tRbksMPO0y8EI9B9XT2ASaPRTNndslCGN/2A=,1,9,0.06873,0.07959,5.817e-05,f,17765708
00:35:07:288127,A,d8a57c12,6258695096,679,mbrS6V2tRbksMPO0y8EI9B9XT2ASaPRTNndslCGN/2A=,1,9,0.06873,0.07959,5.817e-05,f,17765752
00:35:07:292887,A,dcace75f,6258695096,83,mbrS6V2tRbksMPO0y8EI9B9XT2ASaPRTNndslCGN/2A=,1,9,0.06873,0.07959,5.817e-05,f,17765767
00:35:15:269554,A,025f5817,6258695096,844,mbrS6V2tRbksMPO0y8EI9B9XT2ASaPRTNndslCGN/2A=,1,9,0.06873,0.07959,5.817e-05,f,17765837
00:35:23:313357,A,8cd0a83d,6258695096,747,mbrS6V2tRbksMPO0y8EI9B9XT2ASaPRTNndslCGN/2A=,1,9,0.06873,0.07959,5.817e-05,f,17765980
00:35:30:986179,A,799a4c0f,6258695096,661,mbrS6V2tRbksMPO0y8EI9B9XT2ASaPRTNndslCGN/2A=,1,9,0.06873,0.07959,5.817e-05,f,17765988
00:35:39:563018,A,87f596dd,6258695096,686,mbrS6V2tRbksMPO0y8EI9B9XT2ASaPRTNndslCGN/2A=,1,9,0.06873,0.07959,5.817e-05,f,17766090
00:35:47:894311,A,4cc5a869,6258695096,4,mbrS6V2tRbksMPO0y8EI9B9XT2ASaPRTNndslCGN/2A=,1,9,0.06873,0.07959,5.817e-05,f,17766178
00:35:55:902596,A,657a43fc,6258695096,753,mbrS6V2tRbksMPO0y8EI9B9XT2ASaPRTNndslCGN/2A=,1,9,0.06873,0.07959,5.817e-05,f,17766223
00:35:55:907384,A,166f9699,6258695096,614,mbrS6V2tRbksMPO0y8EI9B9XT2ASaPRTNndslCGN/2A=,1,9,0.06873,0.07959,5.817e-05,f,17766248
00:36:06:499152,A,54b660c4,6258695096,742,mbrS6V2tRbksMPO0y8EI9B9XT2ASaPRTNndslCGN/2A=,1,9,0.06873,0.07959,5.817e-05,f,17766337
00:36:06:501356,A,df061557,6258695096,260,mbrS6V2tRbksMPO0y8EI9B9XT2ASaPRTNndslCGN/2A=,1,9,0.06873,0.07959,5.817e-05,f,17766351
00:36:24:808906,A,f66285bc,6258695096,514,mbrS6V2tRbksMPO0y8EI9B9XT2ASaPRTNndslCGN/2A=,1,9,0.06873,0.07959,5.817e-05,f,17766546
00:36:34:381239,A,d69d6a91,6272793742,3721,fJYeclskJqPWsAT6TX/r9X5OiIZpSEb2PBGliYAOMxM=,0,4,0.03748,0.02545,0.0001154,f,17766645
00:36:42:405673,A,19299ad9,6258695096,654,mbrS6V2tRbksMPO0y8EI9B9XT2ASaPRTNndslCGN/2A=,1,9,0.06873,0.07959,5.817e-05,f,17766722
00:36:50:496190,A,36aa31a6,6272793742,4759,fJYeclskJqPWsAT6TX/r9X5OiIZpSEb2PBGliYAOMxM=,0,4,0.03748,0.02545,0.0001154,f,17767960
00:37:06:203775,A,30300257,6258695096,776,mbrS6V2tRbksMPO0y8EI9B9XT2ASaPRTNndslCGN/2A=,1,9,0.06873,0.07959,5.817e-05,f,17768038
00:37:06:210767,A,a7c98979,6258695096,399,mbrS6V2tRbksMPO0y8EI9B9XT2ASaPRTNndslCGN/2A=,1,9,0.06873,0.07959,5.817e-05,f,17768083
00:37:14:387797,A,09966629,6258695096,22,mbrS6V2tRbksMPO0y8EI9B9XT2ASaPRTNndslCGN/2A=,1,9,0.06873,0.07959,5.817e-05,f,17768124
00:37:56:420988,A,c906e0ab,6258695096,665,mbrS6V2tRbksMPO0y8EI9B9XT2ASaPRTNndslCGN/2A=,1,9,0.06873,0.07959,5.817e-05,f,17768691
00:38:05:138105,A,a8c3fbc0,6258695096,78,mbrS6V2tRbksMPO0y8EI9B9XT2ASaPRTNndslCGN/2A=,1,9,0.06873,0.07959,5.817e-05,f,17768771
00:38:24:410624,A,dc5a9be0,6258695096,698,mbrS6V2tRbksMPO0y8EI9B9XT2ASaPRTNndslCGN/2A=,1,9,0.06873,0.07959,5.817e-05,f,17768931
00:38:24:417860,A,56f65b58,6258695096,393,mbrS6V2tRbksMPO0y8EI9B9XT2ASaPRTNndslCGN/2A=,1,9,0.06873,0.07959,5.817e-05,f,17768951
00:38:24:421439,A,a605673f,6258695096,813,mbrS6V2tRbksMPO0y8EI9B9XT2ASaPRTNndslCGN/2A=,1,9,0.06873,0.07959,5.817e-05,f,17768967
00:38:33:587254,A,7b5407df,6258695096,783,mbrS6V2tRbksMPO0y8EI9B9XT2ASaPRTNndslCGN/2A=,1,9,0.06873,0.07959,5.817e-05,f,17769008
00:38:33:589194,A,5e7b5481,6258695096,24,mbrS6V2tRbksMPO0y8EI9B9XT2ASaPRTNndslCGN/2A=,1,9,0.06873,0.07959,5.817e-05,f,17769014
00:38:33:595192,A,111ded7a,6258695096,125,mbrS6V2tRbksMPO0y8EI9B9XT2ASaPRTNndslCGN/2A=,1,9,0.06873,0.07959,5.817e-05,f,17769041
00:38:42:467206,A,15a7a9b1,6258695096,383,mbrS6V2tRbksMPO0y8EI9B9XT2ASaPRTNndslCGN/2A=,1,9,0.06873,0.07959,5.817e-05,f,17769087
00:38:51:159074,A,372b7bef,6258695096,659,mbrS6V2tRbksMPO0y8EI9B9XT2ASaPRTNndslCGN/2A=,1,9,0.06873,0.07959,5.817e-05,f,17769210
00:39:00:475553,A,4eadba09,6258695096,401,mbrS6V2tRbksMPO0y8EI9B9XT2ASaPRTNndslCGN/2A=,1,9,0.06873,0.07959,5.817e-05,f,17769251
00:39:00:477240,A,58d2af05,6258695096,636,mbrS6V2tRbksMPO0y8EI9B9XT2ASaPRTNndslCGN/2A=,1,9,0.06873,0.07959,5.817e-05,f,17769253
00:39:00:481229,A,6bb08481,6258695096,173,mbrS6V2tRbksMPO0y8EI9B9XT2ASaPRTNndslCGN/2A=,1,9,0.06873,0.07959,5.817e-05,f,17769270
00:39:00:481434,A,f34503f3,6258695096,201,mbrS6V2tRbksMPO0y8EI9B9XT2ASaPRTNndslCGN/2A=,1,9,0.06873,0.07959,5.817e-05,f,17769272
00:39:21:918786,A,c712f1b7,6258695096,847,mbrS6V2tRbksMPO0y8EI9B9XT2ASaPRTNndslCGN/2A=,1,9,0.06873,0.07959,5.817e-05,f,17769435
00:39:40:133903,A,8db1f0d5,6258695096,244,mbrS6V2tRbksMPO0y8EI9B9XT2ASaPRTNndslCGN/2A=,1,9,0.06873,0.07959,5.817e-05,f,17769477
00:39:47:422159,A,d4bf7b23,6258695096,641,mbrS6V2tRbksMPO0y8EI9B9XT2ASaPRTNndslCGN/2A=,1,9,0.06873,0.07959,5.817e-05,f,17769566
00:39:55:574116,A,edd7401b,6258695096,273,mbrS6V2tRbksMPO0y8EI9B9XT2ASaPRTNndslCGN/2A=,1,9,0.06873,0.07959,5.817e-05,f,17769625
00:39:55:584590,A,3e96b1a8,6258695096,758,mbrS6V2tRbksMPO0y8EI9B9XT2ASaPRTNndslCGN/2A=,1,9,0.06873,0.07959,5.817e-05,f,17769670
00:40:04:787697,A,0223b8a9,6258695096,500,mbrS6V2tRbksMPO0y8EI9B9XT2ASaPRTNndslCGN/2A=,1,9,0.06873,0.07959,5.817e-05,f,17769761
00:40:20:008268,A,43586608,6258695096,47,mbrS6V2tRbksMPO0y8EI9B9XT2ASaPRTNndslCGN/2A=,1,9,0.06873,0.07959,5.817e-05,f,17769884
00:40:27:579509,A,474e184f,6272793742,1872,fJYeclskJqPWsAT6TX/r9X5OiIZpSEb2PBGliYAOMxM=,0,4,0.03748,0.02545,0.0001154,f,17769942
00:40:27:582113,A,7864890b,6258695096,99,mbrS6V2tRbksMPO0y8EI9B9XT2ASaPRTNndslCGN/2A=,1,9,0.06873,0.07959,5.817e-05,f,17769948
00:41:01:323215,A,82eca251,6258695096,787,mbrS6V2tRbksMPO0y8EI9B9XT2ASaPRTNndslCGN/2A=,1,9,0.06873,0.07959,5.817e-05,f,17770291
00:41:10:666942,A,20f2653d,6258695096,686,mbrS6V2tRbksMPO0y8EI9B9XT2ASaPRTNndslCGN/2A=,1,9,0.06873,0.07959,5.817e-05,f,17770335
00:41:22:675029,A,82b90388,6272793742,6693,fJYeclskJqPWsAT6TX/r9X5OiIZpSEb2PBGliYAOMxM=,0,4,0.03748,0.02545,0.0001154,f,17770424
00:41:39:578890,A,5a809cbd,6258695096,10,mbrS6V2tRbksMPO0y8EI9B9XT2ASaPRTNndslCGN/2A=,1,9,0.06873,0.07959,5.817e-05,f,17770581
00:41:39:580860,A,b1a0a5f3,6258695096,683,mbrS6V2tRbksMPO0y8EI9B9XT2ASaPRTNndslCGN/2A=,1,9,0.06873,0.07959,5.817e-05,f,17770591
00:41:47:541377,A,6730a284,6258695096,65,mbrS6V2tRbksMPO0y8EI9B9XT2ASaPRTNndslCGN/2A=,1,9,0.06873,0.07959,5.817e-05,f,17770653
00:41:55:657036,A,96c2ce4b,6258695096,432,mbrS6V2tRbksMPO0y8EI9B9XT2ASaPRTNndslCGN/2A=,1,9,0.06873,0.07959,5.817e-05,f,17770721
00:41:55:664233,A,50e6555e,6258695096,712,mbrS6V2tRbksMPO0y8EI9B9XT2ASaPRTNndslCGN/2A=,1,9,0.06873,0.07959,5.817e-05,f,17770746
00:42:03:984740,A,07d52742,6258695096,810,mbrS6V2tRbksMPO0y8EI9B9XT2ASaPRTNndslCGN/2A=,1,9,0.06873,0.07959,5.817e-05,f,17770807
00:42:03:990601,A,b5cc927d,6258695096,317,mbrS6V2tRbksMPO0y8EI9B9XT2ASaPRTNndslCGN/2A=,1,9,0.06873,0.07959,5.817e-05,f,17770833
00:42:18:792872,A,e5bc0876,6272793742,1967,fJYeclskJqPWsAT6TX/r9X5OiIZpSEb2PBGliYAOMxM=,0,4,0.03748,0.02545,0.0001154,f,17770963
00:42:48:197569,A,a59e7e5b,6258695096,989,mbrS6V2tRbksMPO0y8EI9B9XT2ASaPRTNndslCGN/2A=,1,9,0.06873,0.07959,5.817e-05,f,17771111
00:42:59:553095,A,4bcec6d1,6258695096,406,mbrS6V2tRbksMPO0y8EI9B9XT2ASaPRTNndslCGN/2A=,1,9,0.06873,0.07959,5.817e-05,f,17771183
00:43:06:706447,A,a7e20c47,6272945205,16,4Ubmtvv/epOnUEgegvGV9mCxxcZkV4z/Dm8RY/9SEYw=,0,0,0.06873,0.01193,0.0001154,f,17771208
00:43:06:706954,A,3ec8d23d,6272945205,42,4Ubmtvv/epOnUEgegvGV9mCxxcZkV4z/Dm8RY/9SEYw=,0,0,0.06873,0.01193,0.0001154,f,17771234
00:43:06:707597,A,357556e7,6272945205,75,4Ubmtvv/epOnUEgegvGV9mCxxcZkV4z/Dm8RY/9SEYw=,0,0,0.06873,0.01193,0.0001154,f,17771267
00:43:06:708280,A,7dd553e8,6272945205,110,4Ubmtvv/epOnUEgegvGV9mCxxcZkV4z/Dm8RY/9SEYw=,0,0,0.06873,0.01193,0.0001154,f,17771302
00:43:06:708651,A,2e0257dd,6272945205,129,4Ubmtvv/epOnUEgegvGV9mCxxcZkV4z/Dm8RY/9SEYw=,0,0,0.06873,0.01193,0.0001154,f,17771321
00:43:06:709411,A,9c9e39c9,6272945205,168,4Ubmtvv/epOnUEgegvGV9mCxxcZkV4z/Dm8RY/9SEYw=,0,0,0.06873,0.01193,0.0001154,f,17771360
00:43:06:709801,A,443fa611,6272945205,188,4Ubmtvv/epOnUEgegvGV9mCxxcZkV4z/Dm8RY/9SEYw=,0,0,0.06873,0.01193,0.0001154,f,17771380
00:43:06:710231,A,458025d4,6272945205,210,4Ubmtvv/epOnUEgegvGV9mCxxcZkV4z/Dm8RY/9SEYw=,0,0,0.06873,0.01193,0.0001154,f,17771402
00:43:06:710582,A,3e65028a,6272945205,228,4Ubmtvv/epOnUEgegvGV9mCxxcZkV4z/Dm8RY/9SEYw=,0,0,0.06873,0.01193,0.0001154,f,17771420
00:43:06:710738,A,6a1b5c48,6272945205,236,4Ubmtvv/epOnUEgegvGV9mCxxcZkV4z/Dm8RY/9SEYw=,0,0,0.06873,0.01193,0.0001154,f,17771428
00:43:06:710855,A,3071732f,6272945205,242,4Ubmtvv/epOnUEgegvGV9mCxxcZkV4z/Dm8RY/9SEYw=,0,0,0.06873,0.01193,0.0001154,f,17771434
00:43:06:710933,A,b4e1701e,6272945205,246,4Ubmtvv/epOnUEgegvGV9mCxxcZkV4z/Dm8RY/9SEYw=,0,0,0.06873,0.01193,0.0001154,f,17771438
00:43:06:710991,A,77f4d078,6272945205,249,4Ubmtvv/epOnUEgegvGV9mCxxcZkV4z/Dm8RY/9SEYw=,0,0,0.06873,0.01193,0.0001154,f,17771441
00:43:06:711459,A,7e315634,6272945205,273,4Ubmtvv/epOnUEgegvGV9mCxxcZkV4z/Dm8RY/9SEYw=,0,0,0.06873,0.01193,0.0001154,f,17771465
00:43:06:711752,A,c08b1bb6,6272945205,288,4Ubmtvv/epOnUEgegvGV9mCxxcZkV4z/Dm8RY/9SEYw=,0,0,0.06873,0.01193,0.0001154,f,17771480
00:43:06:711927,A,a8ac7916,6272945205,297,4Ubmtvv/epOnUEgegvGV9mCxxcZkV4z/Dm8RY/9SEYw=,0,0,0.06873,0.01193,0.0001154,f,17771489
00:43:06:712493,A,8c3c4bd8,6272945205,326,4Ubmtvv/epOnUEgegvGV9mCxxcZkV4z/Dm8RY/9SEYw=,0,0,0.06873,0.01193,0.0001154,f,17771518
00:43:06:712630,A,eb08b9d6,6272945205,333,4Ubmtvv/epOnUEgegvGV9mCxxcZkV4z/Dm8RY/9SEYw=,0,0,0.06873,0.01193,0.0001154,f,17771525
00:43:06:713351,A,0cf8849f,6272945205,370,4Ubmtvv/epOnUEgegvGV9mCxxcZkV4z/Dm8RY/9SEYw=,0,0,0.06873,0.01193,0.0001154,f,17771562
00:43:06:713897,A,9d2e7b14,6272945205,398,4Ubmtvv/epOnUEgegvGV9mCxxcZkV4z/Dm8RY/9SEYw=,0,0,0.06873,0.01193,0.0001154,f,17771590
00:43:06:714034,A,6a3841ca,6272945205,405,4Ubmtvv/epOnUEgegvGV9mCxxcZkV4z/Dm8RY/9SEYw=,0,0,0.06873,0.01193,0.0001154,f,17771597
00:43:06:714092,A,ebe2c0d9,6272945205,408,4Ubmtvv/epOnUEgegvGV9mCxxcZkV4z/Dm8RY/9SEYw=,0,0,0.06873,0.01193,0.0001154,f,17771600
00:43:06:714580,A,34855cd7,6272945205,433,4Ubmtvv/epOnUEgegvGV9mCxxcZkV4z/Dm8RY/9SEYw=,0,0,0.06873,0.01193,0.0001154,f,17771625
00:43:06:714658,A,c25a44ce,6272945205,437,4Ubmtvv/epOnUEgegvGV9mCxxcZkV4z/Dm8RY/9SEYw=,0,0,0.06873,0.01193,0.0001154,f,17771629
00:43:06:714873,A,b118d32d,6272945205,448,4Ubmtvv/epOnUEgegvGV9mCxxcZkV4z/Dm8RY/9SEYw=,0,0,0.06873,0.01193,0.0001154,f,17771640
00:43:06:715419,A,4ccd7a15,6272945205,476,4Ubmtvv/epOnUEgegvGV9mCxxcZkV4z/Dm8RY/9SEYw=,0,0,0.06873,0.01193,0.0001154,f,17771668
00:43:06:715731,A,043346b7,6272945205,492,4Ubmtvv/epOnUEgegvGV9mCxxcZkV4z/Dm8RY/9SEYw=,0,0,0.06873,0.01193,0.0001154,f,17771684
00:43:06:715750,A,6d5c6ad0,6272945205,493,4Ubmtvv/epOnUEgegvGV9mCxxcZkV4z/Dm8RY/9SEYw=,0,0,0.06873,0.01193,0.0001154,f,17771685
00:43:06:715906,A,ae58ec5b,6272945205,501,4Ubmtvv/epOnUEgegvGV9mCxxcZkV4z/Dm8RY/9SEYw=,0,0,0.06873,0.01193,0.0001154,f,17771693
00:43:06:716140,A,2e9b7bcf,6272945205,513,4Ubmtvv/epOnUEgegvGV9mCxxcZkV4z/Dm8RY/9SEYw=,0,0,0.06873,0.01193,0.0001154,f,17771705
00:43:06:717038,A,c700d42b,6272945205,559,4Ubmtvv/epOnUEgegvGV9mCxxcZkV4z/Dm8RY/9SEYw=,0,0,0.06873,0.01193,0.0001154,f,17771751
00:43:06:717096,A,701d25de,6272945205,562,4Ubmtvv/epOnUEgegvGV9mCxxcZkV4z/Dm8RY/9SEYw=,0,0,0.06873,0.01193,0.0001154,f,17771754
00:43:06:717447,A,12dc59b7,6272945205,580,4Ubmtvv/epOnUEgegvGV9mCxxcZkV4z/Dm8RY/9SEYw=,0,0,0.06873,0.01193,0.0001154,f,17771772
00:43:06:717525,A,ec53a52f,6272945205,584,4Ubmtvv/epOnUEgegvGV9mCxxcZkV4z/Dm8RY/9SEYw=,0,0,0.06873,0.01193,0.0001154,f,17771776
00:43:06:717974,A,622bd4c0,6272945205,607,4Ubmtvv/epOnUEgegvGV9mCxxcZkV4z/Dm8RY/9SEYw=,0,0,0.06873,0.01193,0.0001154,f,17771799
00:43:06:718267,A,41b34537,6272945205,622,4Ubmtvv/epOnUEgegvGV9mCxxcZkV4z/Dm8RY/9SEYw=,0,0,0.06873,0.01193,0.0001154,f,17771814
00:43:06:718403,A,05a86112,6272945205,629,4Ubmtvv/epOnUEgegvGV9mCxxcZkV4z/Dm8RY/9SEYw=,0,0,0.06873,0.01193,0.0001154,f,17771821
00:43:06:718930,A,e0022f87,6272945205,656,4Ubmtvv/epOnUEgegvGV9mCxxcZkV4z/Dm8RY/9SEYw=,0,0,0.06873,0.01193,0.0001154,f,17771848
00:43:06:719105,A,8bdd2736,6272945205,665,4Ubmtvv/epOnUEgegvGV9mCxxcZkV4z/Dm8RY/9SEYw=,0,0,0.06873,0.01193,0.0001154,f,17771857
00:43:06:719749,A,5d621f7b,6272945205,698,4Ubmtvv/epOnUEgegvGV9mCxxcZkV4z/Dm8RY/9SEYw=,0,0,0.06873,0.01193,0.0001154,f,17771890
00:43:06:719885,A,ef6909d0,6272945205,705,4Ubmtvv/epOnUEgegvGV9mCxxcZkV4z/Dm8RY/9SEYw=,0,0,0.06873,0.01193,0.0001154,f,17771897
00:43:06:719963,A,3455402a,6272945205,709,4Ubmtvv/epOnUEgegvGV9mCxxcZkV4z/Dm8RY/9SEYw=,0,0,0.06873,0.01193,0.0001154,f,17771901
00:43:06:720549,A,af21ee0f,6272945205,739,4Ubmtvv/epOnUEgegvGV9mCxxcZkV4z/Dm8RY/9SEYw=,0,0,0.06873,0.01193,0.0001154,f,17771931
00:43:06:720685,A,b0791b0d,6272945205,746,4Ubmtvv/epOnUEgegvGV9mCxxcZkV4z/Dm8RY/9SEYw=,0,0,0.06873,0.01193,0.0001154,f,17771938
00:43:06:720744,A,fa3df608,6272945205,749,4Ubmtvv/epOnUEgegvGV9mCxxcZkV4z/Dm8RY/9SEYw=,0,0,0.06873,0.01193,0.0001154,f,17771941
00:43:06:721329,A,3d4d4229,6272945205,779,4Ubmtvv/epOnUEgegvGV9mCxxcZkV4z/Dm8RY/9SEYw=,0,0,0.06873,0.01193,0.0001154,f,17771971
00:43:06:721933,A,0529a021,6272945205,810,4Ubmtvv/epOnUEgegvGV9mCxxcZkV4z/Dm8RY/9SEYw=,0,0,0.06873,0.01193,0.0001154,f,17772002
00:43:06:722011,A,d04c2bf1,6272945205,814,4Ubmtvv/epOnUEgegvGV9mCxxcZkV4z/Dm8RY/9SEYw=,0,0,0.06873,0.01193,0.0001154,f,17772006
00:43:06:722382,A,daa7538d,6272945205,833,4Ubmtvv/epOnUEgegvGV9mCxxcZkV4z/Dm8RY/9SEYw=,0,0,0.06873,0.01193,0.0001154,f,17772025
00:43:06:722792,A,05ee2942,6272945205,854,4Ubmtvv/epOnUEgegvGV9mCxxcZkV4z/Dm8RY/9SEYw=,0,0,0.06873,0.01193,0.0001154,f,17772046
00:43:06:723104,A,78a283bc,6272945205,870,4Ubmtvv/epOnUEgegvGV9mCxxcZkV4z/Dm8RY/9SEYw=,0,0,0.06873,0.01193,0.0001154,f,17772062
00:43:06:723552,A,e7e67e7d,6272945205,893,4Ubmtvv/epOnUEgegvGV9mCxxcZkV4z/Dm8RY/9SEYw=,0,0,0.06873,0.01193,0.0001154,f,17772085
00:43:06:724001,A,da4894c0,6272945205,916,4Ubmtvv/epOnUEgegvGV9mCxxcZkV4z/Dm8RY/9SEYw=,0,0,0.06873,0.01193,0.0001154,f,17772108
00:43:06:724254,A,7dfb87ef,6272945205,929,4Ubmtvv/epOnUEgegvGV9mCxxcZkV4z/Dm8RY/9SEYw=,0,0,0.06873,0.01193,0.0001154,f,17772121
00:43:06:724313,A,154478ad,6272945205,932,4Ubmtvv/epOnUEgegvGV9mCxxcZkV4z/Dm8RY/9SEYw=,0,0,0.06873,0.01193,0.0001154,f,17772124
00:43:06:724489,A,ed80d323,6272945205,941,4Ubmtvv/epOnUEgegvGV9mCxxcZkV4z/Dm8RY/9SEYw=,0,0,0.06873,0.01193,0.0001154,f,17772133
00:43:06:725210,A,344b2b3c,6272945205,978,4Ubmtvv/epOnUEgegvGV9mCxxcZkV4z/Dm8RY/9SEYw=,0,0,0.06873,0.01193,0.0001154,f,17772170
00:43:06:725288,A,39e3784c,6272945205,982,4Ubmtvv/epOnUEgegvGV9mCxxcZkV4z/Dm8RY/9SEYw=,0,0,0.06873,0.01193,0.0001154,f,17772174
00:43:06:725308,A,cd3a7dc3,6272945205,983,4Ubmtvv/epOnUEgegvGV9mCxxcZkV4z/Dm8RY/9SEYw=,0,0,0.06873,0.01193,0.0001154,f,17772175
00:43:06:725776,A,84577b04,6272945205,1007,4Ubmtvv/epOnUEgegvGV9mCxxcZkV4z/Dm8RY/9SEYw=,0,0,0.06873,0.01193,0.0001154,f,17772199
00:43:06:726322,A,9ccaad90,6272945205,1035,4Ubmtvv/epOnUEgegvGV9mCxxcZkV4z/Dm8RY/9SEYw=,0,0,0.06873,0.01193,0.0001154,f,17772227
00:43:06:726361,A,4bb4e999,6272945205,1037,4Ubmtvv/epOnUEgegvGV9mCxxcZkV4z/Dm8RY/9SEYw=,0,0,0.06873,0.01193,0.0001154,f,17772229
00:43:06:727044,A,97f56aa5,6272945205,1072,4Ubmtvv/epOnUEgegvGV9mCxxcZkV4z/Dm8RY/9SEYw=,0,0,0.06873,0.01193,0.0001154,f,17772264
00:43:06:728077,A,2f580349,6272945205,1125,4Ubmtvv/epOnUEgegvGV9mCxxcZkV4z/Dm8RY/9SEYw=,0,0,0.06873,0.01193,0.0001154,f,17772317
00:43:06:729150,A,4ffe416c,6272945205,1180,4Ubmtvv/epOnUEgegvGV9mCxxcZkV4z/Dm8RY/9SEYw=,0,0,0.06873,0.01193,0.0001154,f,17772372
00:43:07:196845,A,77a358ad,6258695096,440,mbrS6V2tRbksMPO0y8EI9B9XT2ASaPRTNndslCGN/2A=,1,9,0.06873,0.07959,5.817e-05,f,17772447
00:43:24:564675,A,c05dc431,6258695096,922,mbrS6V2tRbksMPO0y8EI9B9XT2ASaPRTNndslCGN/2A=,1,9,0.06873,0.07959,5.817e-05,f,17772550
00:43:39:799815,A,16a9cc1b,6272946508,1,HBL13RkuP8hPfuPHZHIJTQZkoEtBdUQ9gtpKwGmSfJc=,0,0,0.006248,0.001554,9.537e-06,f,17772709
00:43:48:882256,A,7525bdac,6272952491,3,HBL13RkuP8hPfuPHZHIJTQZkoEtBdUQ9gtpKwGmSfJc=,0,0,0.006248,0.001554,9.537e-06,f,17773575
00:43:48:882334,A,455d3711,6272952491,7,HBL13RkuP8hPfuPHZHIJTQZkoEtBdUQ9gtpKwGmSfJc=,0,0,0.006248,0.001554,9.537e-06,f,17773579
00:43:48:882608,A,8a7eeb76,6272952491,21,HBL13RkuP8hPfuPHZHIJTQZkoEtBdUQ9gtpKwGmSfJc=,0,0,0.006248,0.001554,9.537e-06,f,17773593
00:43:48:922446,A,b0b0ec12,6272952530,27,HBL13RkuP8hPfuPHZHIJTQZkoEtBdUQ9gtpKwGmSfJc=,0,0,0.006248,0.001554,9.537e-06,f,17773637
00:43:48:922524,A,7d173b49,6272952530,31,HBL13RkuP8hPfuPHZHIJTQZkoEtBdUQ9gtpKwGmSfJc=,0,0,0.006248,0.001554,9.537e-06,f,17773641
00:43:48:922563,A,df7115c8,6272952530,33,HBL13RkuP8hPfuPHZHIJTQZkoEtBdUQ9gtpKwGmSfJc=,0,0,0.006248,0.001554,9.537e-06,f,17773643
00:43:48:970974,A,79ccb8d6,6272952569,19,HBL13RkuP8hPfuPHZHIJTQZkoEtBdUQ9gtpKwGmSfJc=,0,0,0.006248,0.001554,9.537e-06,f,17773667
00:43:49:018673,A,73800d6a,6272793742,128,fJYeclskJqPWsAT6TX/r9X5OiIZpSEb2PBGliYAOMxM=,0,4,0.03748,0.02545,0.0001154,f,17773731
00:43:56:429819,A,7ba92519,6258695096,962,mbrS6V2tRbksMPO0y8EI9B9XT2ASaPRTNndslCGN/2A=,1,9,0.06873,0.07959,5.817e-05,f,17773748
00:43:56:430580,A,41b4abca,6258695096,52,mbrS6V2tRbksMPO0y8EI9B9XT2ASaPRTNndslCGN/2A=,1,9,0.06873,0.07959,5.817e-05,f,17773752
00:44:05:711618,A,f01f5261,6272952767,0,HBL13RkuP8hPfuPHZHIJTQZkoEtBdUQ9gtpKwGmSfJc=,2,0,0.006248,0.004662,3.815e-05,f,17773873
00:44:05:752900,A,64a7ef7f,6272793742,6129,fJYeclskJqPWsAT6TX/r9X5OiIZpSEb2PBGliYAOMxM=,0,4,0.03748,0.02545,0.0001154,f,17773912
00:44:14:846878,A,25c4f8ca,6272944461,0,68CsCZngOkuQn5lVo+dNXKGoFx9ZmJXWR+W7NAUmEH4=,0,6,0.009369,0.002705,3.052e-05,f,17773980
00:44:14:846917,A,d6982f4e,6272944461,4,68CsCZngOkuQn5lVo+dNXKGoFx9ZmJXWR+W7NAUmEH4=,0,6,0.009369,0.002705,3.052e-05,f,17773984
00:44:17:562770,A,c483fc68,6258695096,22,mbrS6V2tRbksMPO0y8EI9B9XT2ASaPRTNndslCGN/2A=,1,9,0.06873,0.07959,5.817e-05,f,17774260
00:44:29:728251,A,9dba681a,6258695096,120,mbrS6V2tRbksMPO0y8EI9B9XT2ASaPRTNndslCGN/2A=,1,9,0.06873,0.07959,5.817e-05,f,17774342
00:45:03:748076,A,9a2a6b12,6258695096,438,mbrS6V2tRbksMPO0y8EI9B9XT2ASaPRTNndslCGN/2A=,1,9,0.06873,0.07959,5.817e-05,f,17774468
00:45:13:201976,A,77c99a1f,6258695096,498,mbrS6V2tRbksMPO0y8EI9B9XT2ASaPRTNndslCGN/2A=,1,9,0.06873,0.07959,5.817e-05,f,17774596
00:45:13:205887,A,06dc42a2,6258695096,475,mbrS6V2tRbksMPO0y8EI9B9XT2ASaPRTNndslCGN/2A=,1,9,0.06873,0.07959,5.817e-05,f,17774621
00:45:22:225718,A,495476d7,6272793742,2686,fJYeclskJqPWsAT6TX/r9X5OiIZpSEb2PBGliYAOMxM=,0,4,0.03748,0.02545,0.0001154,f,17774701
00:45:22:232700,A,1f61ef93,6258695096,197,mbrS6V2tRbksMPO0y8EI9B9XT2ASaPRTNndslCGN/2A=,1,9,0.06873,0.07959,5.817e-05,f,17774744
00:45:31:341385,A,5392c7e8,6258695096,449,mbrS6V2tRbksMPO0y8EI9B9XT2ASaPRTNndslCGN/2A=,1,9,0.06873,0.07959,5.817e-05,f,17774791
00:45:31:353498,A,e7928ccf,6258695096,584,mbrS6V2tRbksMPO0y8EI9B9XT2ASaPRTNndslCGN/2A=,1,9,0.06873,0.07959,5.817e-05,f,17774853
00:45:41:708361,A,0c36c8b5,6272793742,6067,fJYeclskJqPWsAT6TX/r9X5OiIZpSEb2PBGliYAOMxM=,0,4,0.03748,0.02545,0.0001154,f,17774941
00:45:50:790266,A,ee3487b3,6258695096,481,mbrS6V2tRbksMPO0y8EI9B9XT2ASaPRTNndslCGN/2A=,1,9,0.06873,0.07959,5.817e-05,f,17775018
00:45:50:794518,A,e78e9f97,6258695096,298,mbrS6V2tRbksMPO0y8EI9B9XT2ASaPRTNndslCGN/2A=,1,9,0.06873,0.07959,5.817e-05,f,17775037
00:45:50:797171,A,08a347c0,6258695096,471,mbrS6V2tRbksMPO0y8EI9B9XT2ASaPRTNndslCGN/2A=,1,9,0.06873,0.07959,5.817e-05,f,17775051
00:45:50:800925,A,e6e3bb4e,6258695096,178,mbrS6V2tRbksMPO0y8EI9B9XT2ASaPRTNndslCGN/2A=,1,9,0.06873,0.07959,5.817e-05,f,17775071
00:46:00:299959,A,e42bc360,6258695096,361,mbrS6V2tRbksMPO0y8EI9B9XT2ASaPRTNndslCGN/2A=,1,9,0.06873,0.07959,5.817e-05,f,17775161
00:46:09:369234,A,1504a3cc,6258695096,801,mbrS6V2tRbksMPO0y8EI9B9XT2ASaPRTNndslCGN/2A=,1,9,0.06873,0.07959,5.817e-05,f,17775260
00:46:29:089504,A,76dc0c23,6258695096,737,mbrS6V2tRbksMPO0y8EI9B9XT2ASaPRTNndslCGN/2A=,1,9,0.06873,0.07959,5.817e-05,f,17775377
00:46:29:090558,A,ec149111,6258695096,522,mbrS6V2tRbksMPO0y8EI9B9XT2ASaPRTNndslCGN/2A=,1,9,0.06873,0.07959,5.817e-05,f,17775379
00:46:38:209180,A,5655d135,6258695096,883,mbrS6V2tRbksMPO0y8EI9B9XT2ASaPRTNndslCGN/2A=,1,9,0.06873,0.07959,5.817e-05,f,17775531
00:46:38:211228,A,d17c1a66,6272793742,441,fJYeclskJqPWsAT6TX/r9X5OiIZpSEb2PBGliYAOMxM=,0,4,0.03748,0.02545,0.0001154,f,17775539
00:46:51:123927,A,69694109,6258695096,66,mbrS6V2tRbksMPO0y8EI9B9XT2ASaPRTNndslCGN/2A=,1,9,0.06873,0.07959,5.817e-05,f,17775569
00:47:00:252896,A,2ce631ed,6258695096,423,mbrS6V2tRbksMPO0y8EI9B9XT2ASaPRTNndslCGN/2A=,1,9,0.06873,0.07959,5.817e-05,f,17775732
