00:00:01:527594,A,4286f0c0,6272919929,5,68CsCZngOkuQn5lVo+dNXKGoFx9ZmJXWR+W7NAUmEH4=,0,6,0.009369,0.002113,3.052e-05,f,17745963
00:00:01:544557,A,6f89ea77,6258695096,672,mbrS6V2tRbksMPO0y8EI9B9XT2ASaPRTNndslCGN/2A=,1,9,0.06873,0.07959,5.817e-05,f,17746001
00:00:01:544729,A,0b676c5b,6271789353,110,8vU5SSVAeh9GJ4X9FV/j9A7SiLGWGoOKQdmKdAPSc/4=,0,0,0.009369,0.09546,0.0002317,f,17746033
00:00:01:959927,A,ae7fc0de,6258695096,201,mbrS6V2tRbksMPO0y8EI9B9XT2ASaPRTNndslCGN/2A=,1,9,0.06873,0.07959,5.817e-05,f,17746154
00:00:02:380216,A,ab75d5ba,6258695096,581,mbrS6V2tRbksMPO0y8EI9B9XT2ASaPRTNndslCGN/2A=,1,9,0.06873,0.07959,5.817e-05,f,17746379
00:00:02:380282,A,cc103029,6258695096,554,mbrS6V2tRbksMPO0y8EI9B9XT2ASaPRTNndslCGN/2A=,1,9,0.06873,0.07959,5.817e-05,f,17746395
00:00:02:380386,A,09665949,6258695096,997,mbrS6V2tRbksMPO0y8EI9B9XT2ASaPRTNndslCGN/2A=,1,9,0.06873,0.07959,5.817e-05,f,17746426
00:00:02:708139,A,e56da738,6258695096,613,mbrS6V2tRbksMPO0y8EI9B9XT2ASaPRTNndslCGN/2A=,1,9,0.06873,0.07959,5.817e-05,f,17746539
00:00:02:708378,A,29b68328,6258695096,224,mbrS6V2tRbksMPO0y8EI9B9XT2ASaPRTNndslCGN/2A=,1,9,0.06873,0.07959,5.817e-05,f,17746578
00:00:02:708424,A,e30f7626,6258695096,893,mbrS6V2tRbksMPO0y8EI9B9XT2ASaPRTNndslCGN/2A=,1,9,0.06873,0.07959,5.817e-05,f,17746591
00:00:02:919484,A,3c993df8,6258695096,482,mbrS6V2tRbksMPO0y8EI9B9XT2ASaPRTNndslCGN/2A=,1,9,0.06873,0.07959,5.817e-05,f,17746701
00:00:03:200228,A,146a0809,6272534484,2,JBEMyDFTIiNn1p7tUZhesIz1tAMtFYIahY6oWJP5leQ=,0,4,0.0125,0.006104,1.907e-05,f,17746745
00:00:03:963303,A,1a45b5e7,6258695096,187,mbrS6V2tRbksMPO0y8EI9B9XT2ASaPRTNndslCGN/2A=,1,9,0.06873,0.07959,5.817e-05,f,17747068
00:00:03:963499,A,b01e009a,6258695096,647,mbrS6V2tRbksMPO0y8EI9B9XT2ASaPRTNndslCGN/2A=,1,9,0.06873,0.07959,5.817e-05,f,17747090
00:00:04:173225,A,6a68dda3,6258695096,761,mbrS6V2tRbksMPO0y8EI9B9XT2ASaPRTNndslCGN/2A=,1,9,0.06873,0.07959,5.817e-05,f,17747149
00:00:04:366664,A,adb7421f,6258695096,13,mbrS6V2tRbksMPO0y8EI9B9XT2ASaPRTNndslCGN/2A=,1,9,0.06873,0.07959,5.817e-05,f,17747230
00:00:04:366848,A,45d65b52,6258695096,715,mbrS6V2tRbksMPO0y8EI9B9XT2ASaPRTNndslCGN/2A=,1,9,0.06873,0.07959,5.817e-05,f,17747264
00:00:04:744211,A,c839c7ca,6258695096,771,mbrS6V2tRbksMPO0y8EI9B9XT2ASaPRTNndslCGN/2A=,1,9,0.06873,0.07959,5.817e-05,f,17747381
00:00:04:942733,A,64599b4b,6272904023,25,5ANFyIGysAA6XzeFuFUqyXdJfrrczugfoYfXCP0FNk8=,2,8,0.125,0.09546,7.725e-05,f,17747435
00:00:04:942809,A,cc387c67,6258695096,395,mbrS6V2tRbksMPO0y8EI9B9XT2ASaPRTNndslCGN/2A=,1,9,0.06873,0.07959,5.817e-05,f,17747442
00:00:04:942922,A,7e85dddd,6258695096,205,mbrS6V2tRbksMPO0y8EI9B9XT2ASaPRTNndslCGN/2A=,1,9,0.06873,0.07959,5.817e-05,f,17747464
00:00:05:179112,A,a892ab86,6258695096,820,mbrS6V2tRbksMPO0y8EI9B9XT2ASaPRTNndslCGN/2A=,1,9,0.06873,0.07959,5.817e-05,f,17747513
00:00:06:206292,A,3e1eb7ca,6258695096,318,mbrS6V2tRbksMPO0y8EI9B9XT2ASaPRTNndslCGN/2A=,1,9,0.06873,0.07959,5.817e-05,f,17747685
00:00:06:454078,A,bf7024f0,6258695096,791,mbrS6V2tRbksMPO0y8EI9B9XT2ASaPRTNndslCGN/2A=,1,9,0.06873,0.07959,5.817e-05,f,17747742
00:00:06:454240,A,e4d21880,6258695096,97,mbrS6V2tRbksMPO0y8EI9B9XT2ASaPRTNndslCGN/2A=,1,9,0.06873,0.07959,5.817e-05,f,17747771
00:00:06:840266,A,217ed4b1,6258695096,60,mbrS6V2tRbksMPO0y8EI9B9XT2ASaPRTNndslCGN/2A=,1,9,0.06873,0.07959,5.817e-05,f,17747891
00:00:07:034087,A,7bf3d28b,6258695096,644,mbrS6V2tRbksMPO0y8EI9B9XT2ASaPRTNndslCGN/2A=,1,9,0.06873,0.07959,5.817e-05,f,17747915
00:00:07:034166,A,c3fb2810,6258695096,459,mbrS6V2tRbksMPO0y8EI9B9XT2ASaPRTNndslCGN/2A=,1,9,0.06873,0.07959,5.817e-05,f,17747931
00:00:07:034203,A,08bf8d43,6258695096,74,mbrS6V2tRbksMPO0y8EI9B9XT2ASaPRTNndslCGN/2A=,1,9,0.06873,0.07959,5.817e-05,f,17747939
00:00:07:034250,A,076d7fb6,6258695096,740,mbrS6V2tRbksMPO0y8EI9B9XT2ASaPRTNndslCGN/2A=,1,9,0.06873,0.07959,5.817e-05,f,17747949
00:00:07:443709,A,31e05049,6258695096,366,mbrS6V2tRbksMPO0y8EI9B9XT2ASaPRTNndslCGN/2A=,1,9,0.06873,0.07959,5.817e-05,f,17748134
00:00:07:443716,A,517f4d2a,6258695096,82,mbrS6V2tRbksMPO0y8EI9B9XT2ASaPRTNndslCGN/2A=,1,9,0.06873,0.07959,5.817e-05,f,17748136
00:00:07:863239,A,0ca1be3f,6258695096,179,mbrS6V2tRbksMPO0y8EI9B9XT2ASaPRTNndslCGN/2A=,1,9,0.06873,0.07959,5.817e-05,f,17748254
00:00:07:863366,A,7864f529,6258695096,192,mbrS6V2tRbksMPO0y8EI9B9XT2ASaPRTNndslCGN/2A=,1,9,0.06873,0.07959,5.817e-05,f,17748283
00:00:08:052721,A,7def67bb,6258695096,696,mbrS6V2tRbksMPO0y8EI9B9XT2ASaPRTNndslCGN/2A=,1,9,0.06873,0.07959,5.817e-05,f,17748287
00:00:08:052968,A,8c3bb865,6258695096,834,mbrS6V2tRbksMPO0y8EI9B9XT2ASaPRTNndslCGN/2A=,1,9,0.06873,0.07959,5.817e-05,f,17748314
00:00:08:052987,A,a4c77e27,6258695096,325,mbrS6V2tRbksMPO0y8EI9B9XT2ASaPRTNndslCGN/2A=,1,9,0.06873,0.07959,5.817e-05,f,17748322
00:00:08:337495,A,204bf6f4,6258695096,128,mbrS6V2tRbksMPO0y8EI9B9XT2ASaPRTNndslCGN/2A=,1,9,0.06873,0.07959,5.817e-05,f,17748415
00:00:08:766893,A,af765d03,6258695096,860,mbrS6V2tRbksMPO0y8EI9B9XT2ASaPRTNndslCGN/2A=,1,9,0.06873,0.07959,5.817e-05,f,17748556
00:00:08:972126,A,694f41e2,6258695096,642,mbrS6V2tRbksMPO0y8EI9B9XT2ASaPRTNndslCGN/2A=,1,9,0.06873,0.07959,5.817e-05,f,17748665
00:00:09:419991,A,a4f32d91,6272793742,5725,fJYeclskJqPWsAT6TX/r9X5OiIZpSEb2PBGliYAOMxM=,0,4,0.03748,0.02545,0.0001154,f,17748825
00:00:09:420082,A,4474b6c6,6258695096,53,mbrS6V2tRbksMPO0y8EI9B9XT2ASaPRTNndslCGN/2A=,1,9,0.06873,0.07959,5.817e-05,f,17748828
00:00:09:681457,A,2dfc493e,6258695096,73,mbrS6V2tRbksMPO0y8EI9B9XT2ASaPRTNndslCGN/2A=,1,9,0.06873,0.07959,5.817e-05,f,17748876
00:00:09:681921,A,eff7fa50,6258695096,55,mbrS6V2tRbksMPO0y8EI9B9XT2ASaPRTNndslCGN/2A=,1,9,0.06873,0.07959,5.817e-05,f,17748926
00:00:09:894253,A,f6c6011f,6258695096,905,mbrS6V2tRbksMPO0y8EI9B9XT2ASaPRTNndslCGN/2A=,1,9,0.06873,0.07959,5.817e-05,f,17748990
00:00:10:099620,A,effa4060,6258695096,855,mbrS6V2tRbksMPO0y8EI9B9XT2ASaPRTNndslCGN/2A=,1,9,0.06873,0.07959,5.817e-05,f,17749044
00:00:10:099677,A,89a30697,6258695096,537,mbrS6V2tRbksMPO0y8EI9B9XT2ASaPRTNndslCGN/2A=,1,9,0.06873,0.07959,5.817e-05,f,17749050
00:00:10:099774,A,01004240,6258695096,449,mbrS6V2tRbksMPO0y8EI9B9XT2ASaPRTNndslCGN/2A=,1,9,0.06873,0.07959,5.817e-05,f,17749065
00:00:10:100037,A,58033868,6258695096,782,mbrS6V2tRbksMPO0y8EI9B9XT2ASaPRTNndslCGN/2A=,1,9,0.06873,0.07959,5.817e-05,f,17749095
00:00:10:308218,A,66832f41,6258695096,875,mbrS6V2tRbksMPO0y8EI9B9XT2ASaPRTNndslCGN/2A=,1,9,0.06873,0.07959,5.817e-05,f,17749112
00:00:10:308390,A,d8162f8e,6258695096,952,mbrS6V2tRbksMPO0y8EI9B9XT2ASaPRTNndslCGN/2A=,1,9,0.06873,0.07959,5.817e-05,f,17749137
00:00:10:507557,A,6ddeb8cc,6258695096,787,mbrS6V2tRbksMPO0y8EI9B9XT2ASaPRTNndslCGN/2A=,1,9,0.06873,0.07959,5.817e-05,f,17749186
00:00:10:507572,A,e8a0b030,6272857929,582,L3uHds+euS7VozJK0GN3/2RJgaaqCD4dD9AI7OzbYBE=,0,0,0.04999,0.04773,7.725e-05,f,17749188
00:00:10:699843,A,7a811c8a,6258695096,639,mbrS6V2tRbksMPO0y8EI9B9XT2ASaPRTNndslCGN/2A=,1,9,0.06873,0.07959,5.817e-05,f,17749339
00:00:11:226484,A,123af916,6272596527,0,mbrS6V2tRbksMPO0y8EI9B9XT2ASaPRTNndslCGN/2A=,1,9,0.06873,0.07959,9.632e-05,f,17749485
00:00:11:226620,A,9bfead14,6258695096,274,mbrS6V2tRbksMPO0y8EI9B9XT2ASaPRTNndslCGN/2A=,1,9,0.06873,0.07959,5.817e-05,f,17749513
00:00:11:648451,A,85e24bc6,6258695096,606,mbrS6V2tRbksMPO0y8EI9B9XT2ASaPRTNndslCGN/2A=,1,9,0.06873,0.07959,5.817e-05,f,17749617
00:00:11:648514,A,8d9086d8,6258695096,242,mbrS6V2tRbksMPO0y8EI9B9XT2ASaPRTNndslCGN/2A=,1,9,0.06873,0.07959,5.817e-05,f,17749627
00:00:11:828972,A,eb706a02,6258695096,112,mbrS6V2tRbksMPO0y8EI9B9XT2ASaPRTNndslCGN/2A=,1,9,0.06873,0.07959,5.817e-05,f,17749679
00:00:11:829083,A,542609aa,6258695096,632,mbrS6V2tRbksMPO0y8EI9B9XT2ASaPRTNndslCGN/2A=,1,9,0.06873,0.07959,5.817e-05,f,17749699
00:00:12:011866,A,fb96e79f,6272923803,11,d2VTjfYNax8Fa/WdwdbO7zTYZ1UWfJEyx/DBfhaR/PA=,1,4,0.03125,0.009323,0.0001545,f,17749765
00:00:12:011867,A,2318b950,6272923803,19,d2VTjfYNax8Fa/WdwdbO7zTYZ1UWfJEyx/DBfhaR/PA=,1,4,0.03125,0.009323,0.0001545,f,17749773
00:00:12:011869,A,f9e5a577,6272923803,24,d2VTjfYNax8Fa/WdwdbO7zTYZ1UWfJEyx/DBfhaR/PA=,1,4,0.03125,0.009323,0.0001545,f,17749778
00:00:12:011878,A,4d9b7218,6272923803,62,d2VTjfYNax8Fa/WdwdbO7zTYZ1UWfJEyx/DBfhaR/PA=,1,4,0.03125,0.009323,0.0001545,f,17749816
00:00:12:011879,A,36a85173,6272923803,67,d2VTjfYNax8Fa/WdwdbO7zTYZ1UWfJEyx/DBfhaR/PA=,1,4,0.03125,0.009323,0.0001545,f,17749821
00:00:12:789166,A,26beb511,6258695096,301,mbrS6V2tRbksMPO0y8EI9B9XT2ASaPRTNndslCGN/2A=,1,9,0.06873,0.07959,5.817e-05,f,17750186
00:00:12:789239,A,9575fe15,6258695096,413,mbrS6V2tRbksMPO0y8EI9B9XT2ASaPRTNndslCGN/2A=,1,9,0.06873,0.07959,5.817e-05,f,17750204
00:00:12:970717,A,2d32e858,6272925880,0,YTYCOQKYbhxv0VQ+70aNN8er3JM+6XkSDbcGmYn+3fQ=,2,1,0.0625,0.007767,7.725e-05,f,17750294
00:00:12:974534,A,b4bae714,6258695096,880,mbrS6V2tRbksMPO0y8EI9B9XT2ASaPRTNndslCGN/2A=,1,9,0.06873,0.07959,5.817e-05,f,17750334
00:00:13:162367,A,a82f87aa,6272538818,964,4Ubmtvv/epOnUEgegvGV9mCxxcZkV4z/Dm8RY/9SEYw=,0,0,0.06873,0.01193,0.0001154,f,17750425
00:00:13:341357,A,e87121cb,6258695096,324,mbrS6V2tRbksMPO0y8EI9B9XT2ASaPRTNndslCGN/2A=,1,9,0.06873,0.07959,5.817e-05,f,17750455
00:00:13:341539,A,f8f6b5dc,6258695096,381,mbrS6V2tRbksMPO0y8EI9B9XT2ASaPRTNndslCGN/2A=,1,9,0.06873,0.07959,5.817e-05,f,17750480
00:00:13:532867,A,ce42ce2e,6272926068,13,YTYCOQKYbhxv0VQ+70aNN8er3JM+6XkSDbcGmYn+3fQ=,0,1,0.0625,0.0636,0.001543,f,17750533
00:00:13:532872,A,51c0a892,6272926068,23,YTYCOQKYbhxv0VQ+70aNN8er3JM+6XkSDbcGmYn+3fQ=,0,1,0.0625,0.0636,0.001543,f,17750543
00:00:13:534890,A,022c248c,6258695096,753,mbrS6V2tRbksMPO0y8EI9B9XT2ASaPRTNndslCGN/2A=,1,9,0.06873,0.07959,5.817e-05,f,17750576
00:00:13:811332,A,15f39d6f,6272926222,0,F2+Gv53Pxd4KDRb/UsGECThH/XUOpcWKElUXJkhkt1c=,0,9,0,0.0001554,0,f,17750634
00:00:13:812851,A,d13ef44d,6258695096,685,mbrS6V2tRbksMPO0y8EI9B9XT2ASaPRTNndslCGN/2A=,1,9,0.06873,0.07959,5.817e-05,f,17750653
00:00:13:812862,A,319872db,6258695096,551,mbrS6V2tRbksMPO0y8EI9B9XT2ASaPRTNndslCGN/2A=,1,9,0.06873,0.07959,5.817e-05,f,17750657
00:00:13:812998,A,de2ebdee,6258695096,848,mbrS6V2tRbksMPO0y8EI9B9XT2ASaPRTNndslCGN/2A=,1,9,0.06873,0.07959,5.817e-05,f,17750671
00:00:13:979774,A,09933cc3,6272904023,17,5ANFyIGysAA6XzeFuFUqyXdJfrrczugfoYfXCP0FNk8=,2,8,0.125,0.09546,7.725e-05,f,17750695
00:00:14:184095,A,a32ceea9,6258695096,758,mbrS6V2tRbksMPO0y8EI9B9XT2ASaPRTNndslCGN/2A=,1,9,0.06873,0.07959,5.817e-05,f,17750791
00:00:14:353013,A,be7d469b,6258695096,487,mbrS6V2tRbksMPO0y8EI9B9XT2ASaPRTNndslCGN/2A=,1,9,0.06873,0.07959,5.817e-05,f,17750818
00:00:14:774630,A,302b7665,6258695096,473,mbrS6V2tRbksMPO0y8EI9B9XT2ASaPRTNndslCGN/2A=,1,9,0.06873,0.07959,5.817e-05,f,17750992
00:00:14:957480,A,aed253b2,6258695096,296,mbrS6V2tRbksMPO0y8EI9B9XT2ASaPRTNndslCGN/2A=,1,9,0.06873,0.07959,5.817e-05,f,17751026
00:00:15:147537,A,ce388e96,6258695096,27,mbrS6V2tRbksMPO0y8EI9B9XT2ASaPRTNndslCGN/2A=,1,9,0.06873,0.07959,5.817e-05,f,17751080
00:00:15:147591,A,46423fda,6258695096,680,mbrS6V2tRbksMPO0y8EI9B9XT2ASaPRTNndslCGN/2A=,1,9,0.06873,0.07959,5.817e-05,f,17751092
00:00:15:440040,A,d52f7c44,6258695096,268,mbrS6V2tRbksMPO0y8EI9B9XT2ASaPRTNndslCGN/2A=,1,9,0.06873,0.07959,5.817e-05,f,17751154
00:00:15:440049,A,6f046336,6258695096,303,mbrS6V2tRbksMPO0y8EI9B9XT2ASaPRTNndslCGN/2A=,1,9,0.06873,0.07959,5.817e-05,f,17751156
00:00:15:440234,A,e7868dfd,6258695096,66,mbrS6V2tRbksMPO0y8EI9B9XT2ASaPRTNndslCGN/2A=,1,9,0.06873,0.07959,5.817e-05,f,17751191
00:00:15:620925,A,e75a4b8a,6269380921,62,f7F3iYlP9QqyuUyW8v/H8sCjOf6XEy+lP3bzejIRLK0=,0,0,0.05627,0.0318,7.725e-05,f,17751247
00:00:15:630851,A,db6c8d3a,6258695096,173,mbrS6V2tRbksMPO0y8EI9B9XT2ASaPRTNndslCGN/2A=,1,9,0.06873,0.07959,5.817e-05,f,17751263
00:00:15:815248,A,1e0c3ea4,6258695096,427,mbrS6V2tRbksMPO0y8EI9B9XT2ASaPRTNndslCGN/2A=,1,9,0.06873,0.07959,5.817e-05,f,17751317
00:00:15:815277,A,fbc433ed,6258695096,330,mbrS6V2tRbksMPO0y8EI9B9XT2ASaPRTNndslCGN/2A=,1,9,0.06873,0.07959,5.817e-05,f,17751325
00:00:16:015681,A,a8f39589,6258695096,712,mbrS6V2tRbksMPO0y8EI9B9XT2ASaPRTNndslCGN/2A=,1,9,0.06873,0.07959,5.817e-05,f,17751428
00:00:16:259652,A,b17d1e73,6272925724,1,68CsCZngOkuQn5lVo+dNXKGoFx9ZmJXWR+W7NAUmEH4=,0,6,0.0125,0.006119,3.052e-05,f,17751525
00:00:16:273119,A,514fc209,6258695096,35,mbrS6V2tRbksMPO0y8EI9B9XT2ASaPRTNndslCGN/2A=,1,9,0.06873,0.07959,5.817e-05,f,17751574
00:00:16:273248,A,e06d0625,6258695096,467,mbrS6V2tRbksMPO0y8EI9B9XT2ASaPRTNndslCGN/2A=,1,9,0.06873,0.07959,5.817e-05,f,17751594
00:00:16:273268,A,4415fb6a,6258695096,501,mbrS6V2tRbksMPO0y8EI9B9XT2ASaPRTNndslCGN/2A=,1,9,0.06873,0.07959,5.817e-05,f,17751600
00:00:16:453249,A,dba2955b,6258695096,646,mbrS6V2tRbksMPO0y8EI9B9XT2ASaPRTNndslCGN/2A=,1,9,0.06873,0.07959,5.817e-05,f,17751706
00:00:16:453252,A,5dc79af3,6258695096,887,mbrS6V2tRbksMPO0y8EI9B9XT2ASaPRTNndslCGN/2A=,1,9,0.06873,0.07959,5.817e-05,f,17751708
00:00:16:856593,A,33ca956d,6258695096,629,mbrS6V2tRbksMPO0y8EI9B9XT2ASaPRTNndslCGN/2A=,1,9,0.06873,0.07959,5.817e-05,f,17751817
00:00:16:856684,A,0be12c6e,6258695096,722,mbrS6V2tRbksMPO0y8EI9B9XT2ASaPRTNndslCGN/2A=,1,9,0.06873,0.07959,5.817e-05,f,17751839
00:00:17:436808,A,c02b2d17,6258695096,894,mbrS6V2tRbksMPO0y8EI9B9XT2ASaPRTNndslCGN/2A=,1,9,0.06873,0.07959,5.817e-05,f,17752035
00:00:17:436811,A,74382e7e,6258695096,772,mbrS6V2tRbksMPO0y8EI9B9XT2ASaPRTNndslCGN/2A=,1,9,0.06873,0.07959,5.817e-05,f,17752037
00:00:17:638880,A,5cbba211,6258695096,257,mbrS6V2tRbksMPO0y8EI9B9XT2ASaPRTNndslCGN/2A=,1,9,0.06873,0.07959,5.817e-05,f,17752070
00:00:17:838038,A,53852c9e,6258695096,567,mbrS6V2tRbksMPO0y8EI9B9XT2ASaPRTNndslCGN/2A=,1,9,0.06873,0.07959,5.817e-05,f,17752187
00:00:18:396488,A,f6207b11,6272538818,226,4Ubmtvv/epOnUEgegvGV9mCxxcZkV4z/Dm8RY/9SEYw=,0,0,0.06873,0.01193,0.0001154,f,17752393
00:00:18:410248,A,60efcc32,6258695096,732,mbrS6V2tRbksMPO0y8EI9B9XT2ASaPRTNndslCGN/2A=,1,9,0.06873,0.07959,5.817e-05,f,17752454
00:00:18:677055,A,d98511bb,6258695096,483,mbrS6V2tRbksMPO0y8EI9B9XT2ASaPRTNndslCGN/2A=,1,9,0.06873,0.07959,5.817e-05,f,17752521
00:00:19:107418,A,ac3a2cc0,6258695096,179,mbrS6V2tRbksMPO0y8EI9B9XT2ASaPRTNndslCGN/2A=,1,9,0.06873,0.07959,5.817e-05,f,17752631
00:00:19:423537,A,730bdd87,6258695096,360,mbrS6V2tRbksMPO0y8EI9B9XT2ASaPRTNndslCGN/2A=,1,9,0.06873,0.07959,5.817e-05,f,17752733
00:00:19:614926,A,a2336e0d,6258695096,572,mbrS6V2tRbksMPO0y8EI9B9XT2ASaPRTNndslCGN/2A=,1,9,0.06873,0.07959,5.817e-05,f,17752767
00:00:19:615076,A,618d959b,6258695096,370,mbrS6V2tRbksMPO0y8EI9B9XT2ASaPRTNndslCGN/2A=,1,9,0.06873,0.07959,5.817e-05,f,17752794
00:00:19:615169,A,ee570be2,6258695096,711,mbrS6V2tRbksMPO0y8EI9B9XT2ASaPRTNndslCGN/2A=,1,9,0.06873,0.07959,5.817e-05,f,17752801
00:00:19:884180,A,3d897c7a,6272857929,516,L3uHds+euS7VozJK0GN3/2RJgaaqCD4dD9AI7OzbYBE=,0,0,0.04999,0.04773,7.725e-05,f,17752840
00:00:20:069947,A,95eb1bd8,6258695096,278,mbrS6V2tRbksMPO0y8EI9B9XT2ASaPRTNndslCGN/2A=,1,9,0.06873,0.07959,5.817e-05,f,17753009
00:00:20:255731,A,8a405174,6272920836,0,68CsCZngOkuQn5lVo+dNXKGoFx9ZmJXWR+W7NAUmEH4=,1,6,0.006248,0.001865,4.482e-05,f,17753028
00:00:20:264580,A,5a42d987,6272927916,0,nHinWYr2Nep8Mr79MMvmYCrGb0NdshyX6mlnZo/Ot+I=,1,8,0.0625,0.0318,7.725e-05,f,17753030
00:00:20:265663,A,0076e878,6272538818,1159,4Ubmtvv/epOnUEgegvGV9mCxxcZkV4z/Dm8RY/9SEYw=,0,0,0.06873,0.01193,0.0001154,f,17753063
00:00:20:265740,A,0bcd0738,6272793742,2398,fJYeclskJqPWsAT6TX/r9X5OiIZpSEb2PBGliYAOMxM=,0,4,0.03748,0.02545,0.0001154,f,17753085
00:00:20:457360,A,669baf3b,6258695096,596,mbrS6V2tRbksMPO0y8EI9B9XT2ASaPRTNndslCGN/2A=,1,9,0.06873,0.07959,5.817e-05,f,17753228
00:00:20:641877,A,a285c228,6272928140,12,nHinWYr2Nep8Mr79MMvmYCrGb0NdshyX6mlnZo/Ot+I=,1,4,0.02338,0.02704,0.0003862,f,17753316
00:00:20:641887,A,a7afc663,6272927918,1,68CsCZngOkuQn5lVo+dNXKGoFx9ZmJXWR+W7NAUmEH4=,0,6,0.006248,0.001972,3.052e-05,f,17753323
00:00:21:456386,A,51f959b8,6258695096,242,mbrS6V2tRbksMPO0y8EI9B9XT2ASaPRTNndslCGN/2A=,1,9,0.06873,0.07959,5.817e-05,f,17753573
00:00:21:982738,A,9090bdab,6258695096,160,mbrS6V2tRbksMPO0y8EI9B9XT2ASaPRTNndslCGN/2A=,1,9,0.06873,0.07959,5.817e-05,f,17753751
00:00:21:982890,A,2d0fe5d2,6272793742,7396,fJYeclskJqPWsAT6TX/r9X5OiIZpSEb2PBGliYAOMxM=,0,4,0.03748,0.02545,0.0001154,f,17753794
00:00:22:221787,A,56ef2b79,6272793742,2592,fJYeclskJqPWsAT6TX/r9X5OiIZpSEb2PBGliYAOMxM=,0,4,0.03748,0.02545,0.0001154,f,17753912
00:00:22:221902,A,52e8a205,6272793742,4564,fJYeclskJqPWsAT6TX/r9X5OiIZpSEb2PBGliYAOMxM=,0,4,0.03748,0.02545,0.0001154,f,17753945
00:00:22:456137,A,675f2d0e,6258695096,21,mbrS6V2tRbksMPO0y8EI9B9XT2ASaPRTNndslCGN/2A=,1,9,0.06873,0.07959,5.817e-05,f,17754201
00:00:22:638568,A,6dad0aff,6258695096,65,mbrS6V2tRbksMPO0y8EI9B9XT2ASaPRTNndslCGN/2A=,1,9,0.06873,0.07959,5.817e-05,f,17754258
00:00:22:816483,A,199bad8d,6272538818,239,4Ubmtvv/epOnUEgegvGV9mCxxcZkV4z/Dm8RY/9SEYw=,0,0,0.06873,0.01193,0.0001154,f,17754323
00:00:22:826602,A,13450863,6258695096,651,mbrS6V2tRbksMPO0y8EI9B9XT2ASaPRTNndslCGN/2A=,1,9,0.06873,0.07959,5.817e-05,f,17754372
00:00:22:826853,A,d5c5c6dd,6258695096,489,mbrS6V2tRbksMPO0y8EI9B9XT2ASaPRTNndslCGN/2A=,1,9,0.06873,0.07959,5.817e-05,f,17754438
00:00:23:014897,A,ededaf2e,6272793742,5115,fJYeclskJqPWsAT6TX/r9X5OiIZpSEb2PBGliYAOMxM=,0,4,0.03748,0.02545,0.0001154,f,17754459
00:00:23:015021,A,22a0d680,6272793742,9077,fJYeclskJqPWsAT6TX/r9X5OiIZpSEb2PBGliYAOMxM=,0,4,0.03748,0.02545,0.0001154,f,17754480
00:00:23:015024,A,89a894b7,6258695096,48,mbrS6V2tRbksMPO0y8EI9B9XT2ASaPRTNndslCGN/2A=,1,9,0.06873,0.07959,5.817e-05,f,17754482
00:00:23:015029,A,c1557d5e,6272793742,8744,fJYeclskJqPWsAT6TX/r9X5OiIZpSEb2PBGliYAOMxM=,0,4,0.03748,0.02545,0.0001154,f,17754484
00:00:23:015199,A,4ca4d5fd,6258695096,306,mbrS6V2tRbksMPO0y8EI9B9XT2ASaPRTNndslCGN/2A=,1,9,0.06873,0.07959,5.817e-05,f,17754521
00:00:23:228944,A,d60afe7b,6272538818,22,4Ubmtvv/epOnUEgegvGV9mCxxcZkV4z/Dm8RY/9SEYw=,0,0,0.06873,0.01193,0.0001154,f,17754634
00:00:23:305996,A,a7c7bb14,6258695096,138,mbrS6V2tRbksMPO0y8EI9B9XT2ASaPRTNndslCGN/2A=,1,9,0.06873,0.07959,5.817e-05,f,17754760
00:00:23:306122,A,532404e1,6258695096,381,mbrS6V2tRbksMPO0y8EI9B9XT2ASaPRTNndslCGN/2A=,1,9,0.06873,0.07959,5.817e-05,f,17754780
00:00:23:546555,A,65911355,6272793742,1314,fJYeclskJqPWsAT6TX/r9X5OiIZpSEb2PBGliYAOMxM=,0,4,0.03748,0.02545,0.0001154,f,17754935
00:00:23:546606,A,b9036d91,6272793742,8047,fJYeclskJqPWsAT6TX/r9X5OiIZpSEb2PBGliYAOMxM=,0,4,0.03748,0.02545,0.0001154,f,17754954
00:00:23:546734,A,8d2d68e4,6258695096,438,mbrS6V2tRbksMPO0y8EI9B9XT2ASaPRTNndslCGN/2A=,1,9,0.06873,0.07959,5.817e-05,f,17754969
00:00:23:756910,A,ff5d2032,6272793742,7215,fJYeclskJqPWsAT6TX/r9X5OiIZpSEb2PBGliYAOMxM=,0,4,0.03748,0.02545,0.0001154,f,17755108
00:00:23:985658,A,ceec381d,6272930848,0,0yO12LxPGQxL+XkI4hS6Tlyx5V3KOvjHS0DQSOJeMbs=,1,9,0.0625,0.1034,3.815e-05,f,17755154
00:00:24:071851,A,4072d24c,6272793742,7154,fJYeclskJqPWsAT6TX/r9X5OiIZpSEb2PBGliYAOMxM=,0,4,0.03748,0.02545,0.0001154,f,17755184
00:00:24:071948,A,14403d81,6272793742,8914,fJYeclskJqPWsAT6TX/r9X5OiIZpSEb2PBGliYAOMxM=,0,4,0.03748,0.02545,0.0001154,f,17755210
00:00:24:071977,A,2149e481,6272793742,8292,fJYeclskJqPWsAT6TX/r9X5OiIZpSEb2PBGliYAOMxM=,0,4,0.03748,0.02545,0.0001154,f,17755214
00:00:24:072114,A,eb169af1,6258695096,372,mbrS6V2tRbksMPO0y8EI9B9XT2ASaPRTNndslCGN/2A=,1,9,0.06873,0.07959,5.817e-05,f,17755254
00:00:24:072118,A,a6b9745b,6258695096,349,mbrS6V2tRbksMPO0y8EI9B9XT2ASaPRTNndslCGN/2A=,1,9,0.06873,0.07959,5.817e-05,f,17755256
00:00:24:343119,A,72202e40,6272793742,7659,fJYeclskJqPWsAT6TX/r9X5OiIZpSEb2PBGliYAOMxM=,0,4,0.03748,0.02545,0.0001154,f,17755369
00:00:24:343165,A,adba96f2,6272793742,3292,fJYeclskJqPWsAT6TX/r9X5OiIZpSEb2PBGliYAOMxM=,0,4,0.03748,0.02545,0.0001154,f,17755376
00:00:24:572007,A,7f46adbe,6272793742,8058,fJYeclskJqPWsAT6TX/r9X5OiIZpSEb2PBGliYAOMxM=,0,4,0.03748,0.02545,0.0001154,f,17755514
00:00:24:572023,A,c7029c90,6258695096,836,mbrS6V2tRbksMPO0y8EI9B9XT2ASaPRTNndslCGN/2A=,1,9,0.06873,0.07959,5.817e-05,f,17755518
00:00:24:572208,A,72b69b99,6272793742,9261,fJYeclskJqPWsAT6TX/r9X5OiIZpSEb2PBGliYAOMxM=,0,4,0.03748,0.02545,0.0001154,f,17755555
00:00:24:572287,A,282a10cb,6272793742,8916,fJYeclskJqPWsAT6TX/r9X5OiIZpSEb2PBGliYAOMxM=,0,4,0.03748,0.02545,0.0001154,f,17755570
00:00:24:572330,A,54d80665,6258695096,337,mbrS6V2tRbksMPO0y8EI9B9XT2ASaPRTNndslCGN/2A=,1,9,0.06873,0.07959,5.817e-05,f,17755580
00:00:24:792359,A,91694ffb,6272928262,16,nHinWYr2Nep8Mr79MMvmYCrGb0NdshyX6mlnZo/Ot+I=,1,4,0.02664,0.02704,7.725e-05,f,17755666
00:00:24:792362,A,77c9890b,6272928262,21,nHinWYr2Nep8Mr79MMvmYCrGb0NdshyX6mlnZo/Ot+I=,1,4,0.02664,0.02704,7.725e-05,f,17755671
00:00:24:796463,A,4d2c795c,6272929880,5,5ANFyIGysAA6XzeFuFUqyXdJfrrczugfoYfXCP0FNk8=,2,8,0.125,0.09546,7.725e-05,f,17755689
00:00:24:796473,A,0effa027,6272929880,27,5ANFyIGysAA6XzeFuFUqyXdJfrrczugfoYfXCP0FNk8=,2,8,0.125,0.09546,7.725e-05,f,17755711
00:00:24:796474,A,1b6869c4,6272929880,29,5ANFyIGysAA6XzeFuFUqyXdJfrrczugfoYfXCP0FNk8=,2,8,0.125,0.09546,7.725e-05,f,17755713
00:00:24:796480,A,c217b4d9,6272929880,42,5ANFyIGysAA6XzeFuFUqyXdJfrrczugfoYfXCP0FNk8=,2,8,0.125,0.09546,7.725e-05,f,17755726
00:00:24:807871,A,91f2e560,6258695096,467,mbrS6V2tRbksMPO0y8EI9B9XT2ASaPRTNndslCGN/2A=,1,9,0.06873,0.07959,5.817e-05,f,17755794
00:00:25:022779,A,b6b3b59e,6258695096,115,mbrS6V2tRbksMPO0y8EI9B9XT2ASaPRTNndslCGN/2A=,1,9,0.06873,0.07959,5.817e-05,f,17755906
00:00:25:022898,A,93de6b76,6258695096,955,mbrS6V2tRbksMPO0y8EI9B9XT2ASaPRTNndslCGN/2A=,1,9,0.06873,0.07959,5.817e-05,f,17755926
00:00:25:022973,A,674f3fae,6272793742,2099,fJYeclskJqPWsAT6TX/r9X5OiIZpSEb2PBGliYAOMxM=,0,4,0.03748,0.02545,0.0001154,f,17755937
00:00:25:234515,A,3cf7c87c,6272793742,1780,fJYeclskJqPWsAT6TX/r9X5OiIZpSEb2PBGliYAOMxM=,0,4,0.03748,0.02545,0.0001154,f,17755972
00:00:25:419759,A,6c3a51c3,6256014611,318,RhvHT3w1FJPk+ffa5F6xLXhD4LsykQfulu1ShcKMUgk=,2,1,0.0125,0.02457,7.629e-06,f,17756080
00:00:25:420579,A,963cc430,6272928781,28,68CsCZngOkuQn5lVo+dNXKGoFx9ZmJXWR+W7NAUmEH4=,0,4,0.0125,0.004662,1.526e-05,f,17756283
00:00:25:477352,A,0289bbaf,6258695096,395,mbrS6V2tRbksMPO0y8EI9B9XT2ASaPRTNndslCGN/2A=,1,9,0.06873,0.07959,5.817e-05,f,17756339
00:00:25:669348,A,f99bde25,6271789353,404,8vU5SSVAeh9GJ4X9FV/j9A7SiLGWGoOKQdmKdAPSc/4=,0,0,0.009369,0.09546,0.0002317,f,17756366
00:00:25:669595,A,094b7210,6258695096,120,mbrS6V2tRbksMPO0y8EI9B9XT2ASaPRTNndslCGN/2A=,1,9,0.06873,0.07959,5.817e-05,f,17756414
00:00:25:856676,A,914049a7,6258695096,465,mbrS6V2tRbksMPO0y8EI9B9XT2ASaPRTNndslCGN/2A=,1,9,0.06873,0.07959,5.817e-05,f,17756425
00:00:25:856802,A,67615149,6272793742,7978,fJYeclskJqPWsAT6TX/r9X5OiIZpSEb2PBGliYAOMxM=,0,4,0.03748,0.02545,0.0001154,f,17756442
00:00:25:856814,A,8c36a9f9,6258695096,688,mbrS6V2tRbksMPO0y8EI9B9XT2ASaPRTNndslCGN/2A=,1,9,0.06873,0.07959,5.817e-05,f,17756446
00:00:25:856862,A,d50a1b9a,6258695096,927,mbrS6V2tRbksMPO0y8EI9B9XT2ASaPRTNndslCGN/2A=,1,9,0.06873,0.07959,5.817e-05,f,17756454
00:00:26:052310,A,6e2c9f6b,6258695096,321,mbrS6V2tRbksMPO0y8EI9B9XT2ASaPRTNndslCGN/2A=,1,9,0.06873,0.07959,5.817e-05,f,17756480
00:00:26:052313,A,f3af25ba,6258695096,330,mbrS6V2tRbksMPO0y8EI9B9XT2ASaPRTNndslCGN/2A=,1,9,0.06873,0.07959,5.817e-05,f,17756482
00:00:26:052331,A,741c5ffe,6272400190,265,Nugr6rX+U6WELDvGY6ars76339mw/Uc2fgD1/rZ6fkA=,0,1,0.0625,0.0318,0.0001926,f,17756488
00:00:26:237281,A,ca6a2153,6272793742,1649,fJYeclskJqPWsAT6TX/r9X5OiIZpSEb2PBGliYAOMxM=,0,4,0.03748,0.02545,0.0001154,f,17756681
00:00:26:268149,A,2cd9e357,6258695096,96,mbrS6V2tRbksMPO0y8EI9B9XT2ASaPRTNndslCGN/2A=,1,9,0.06873,0.07959,5.817e-05,f,17756689
00:00:26:268316,A,b456375b,6258695096,784,mbrS6V2tRbksMPO0y8EI9B9XT2ASaPRTNndslCGN/2A=,1,9,0.06873,0.07959,5.817e-05,f,17756724
00:00:26:746377,A,ca6ce5b2,6258695096,145,mbrS6V2tRbksMPO0y8EI9B9XT2ASaPRTNndslCGN/2A=,1,9,0.06873,0.07959,5.817e-05,f,17756922
00:00:27:166440,A,ad04874d,6258695096,305,mbrS6V2tRbksMPO0y8EI9B9XT2ASaPRTNndslCGN/2A=,1,9,0.06873,0.07959,5.817e-05,f,17757108
00:00:27:593046,A,140e5905,6258695096,780,mbrS6V2tRbksMPO0y8EI9B9XT2ASaPRTNndslCGN/2A=,1,9,0.06873,0.07959,5.817e-05,f,17757249
00:00:27:593174,A,f7cd1e68,6272538818,354,4Ubmtvv/epOnUEgegvGV9mCxxcZkV4z/Dm8RY/9SEYw=,0,0,0.06873,0.01193,0.0001154,f,17757282
00:00:27:892644,A,ad1ac5fd,6258695096,499,mbrS6V2tRbksMPO0y8EI9B9XT2ASaPRTNndslCGN/2A=,1,9,0.06873,0.07959,5.817e-05,f,17757326
00:00:27:892753,A,32c388fa,6258695096,116,mbrS6V2tRbksMPO0y8EI9B9XT2ASaPRTNndslCGN/2A=,1,9,0.06873,0.07959,5.817e-05,f,17757343
00:00:28:101587,A,05fc0c15,6258695096,957,mbrS6V2tRbksMPO0y8EI9B9XT2ASaPRTNndslCGN/2A=,1,9,0.06873,0.07959,5.817e-05,f,17757385
00:00:28:101841,A,e88f845d,6254406443,13,1lp2asRgattV/0fi7LQG0cWjp+ibbzYcWw/VvsikpLE=,0,1,0.0125,0.1243,0.01131,f,17757419
00:00:28:531086,A,fb9c7e40,6258695096,981,mbrS6V2tRbksMPO0y8EI9B9XT2ASaPRTNndslCGN/2A=,1,9,0.06873,0.07959,5.817e-05,f,17757531
00:00:28:724628,A,b097c317,6272857929,180,L3uHds+euS7VozJK0GN3/2RJgaaqCD4dD9AI7OzbYBE=,0,0,0.04999,0.04773,7.725e-05,f,17757561
00:00:29:043885,A,2d516884,6272398118,77,Nugr6rX+U6WELDvGY6ars76339mw/Uc2fgD1/rZ6fkA=,0,1,0.0625,0.0318,0.0002699,f,17757629
00:00:29:242373,A,5dc356b8,6258695096,599,mbrS6V2tRbksMPO0y8EI9B9XT2ASaPRTNndslCGN/2A=,1,9,0.06873,0.07959,5.817e-05,f,17757648
00:00:29:242480,A,69d7efd1,6272793742,8268,fJYeclskJqPWsAT6TX/r9X5OiIZpSEb2PBGliYAOMxM=,0,4,0.03748,0.02545,0.0001154,f,17757654
00:00:29:242487,A,c4e304a8,6258695096,959,mbrS6V2tRbksMPO0y8EI9B9XT2ASaPRTNndslCGN/2A=,1,9,0.06873,0.07959,5.817e-05,f,17757656
00:00:29:733570,A,5410bd58,6258695096,352,mbrS6V2tRbksMPO0y8EI9B9XT2ASaPRTNndslCGN/2A=,1,9,0.06873,0.07959,5.817e-05,f,17757803
00:00:29:733763,A,35ae3713,6269381149,792,f7F3iYlP9QqyuUyW8v/H8sCjOf6XEy+lP3bzejIRLK0=,0,0,0.05627,0.0202,7.725e-05,f,17757825
00:00:29:970491,A,58cb5a14,6258695096,221,mbrS6V2tRbksMPO0y8EI9B9XT2ASaPRTNndslCGN/2A=,1,9,0.06873,0.07959,5.817e-05,f,17757913
00:00:29:970698,A,02486d81,6258695096,513,mbrS6V2tRbksMPO0y8EI9B9XT2ASaPRTNndslCGN/2A=,1,9,0.06873,0.07959,5.817e-05,f,17757941
00:00:30:180357,A,f9c7cba8,6258695096,492,mbrS6V2tRbksMPO0y8EI9B9XT2ASaPRTNndslCGN/2A=,1,9,0.06873,0.07959,5.817e-05,f,17757968
00:00:30:393524,A,5a6b93c0,6258695096,767,mbrS6V2tRbksMPO0y8EI9B9XT2ASaPRTNndslCGN/2A=,1,9,0.06873,0.07959,5.817e-05,f,17758052
00:00:31:454738,A,394f706c,6258695096,365,mbrS6V2tRbksMPO0y8EI9B9XT2ASaPRTNndslCGN/2A=,1,9,0.06873,0.07959,5.817e-05,f,17758406
00:00:31:454971,A,5ac6e65a,6258695096,600,mbrS6V2tRbksMPO0y8EI9B9XT2ASaPRTNndslCGN/2A=,1,9,0.06873,0.07959,5.817e-05,f,17758434
00:00:32:195119,A,bdc7b963,6258695096,951,mbrS6V2tRbksMPO0y8EI9B9XT2ASaPRTNndslCGN/2A=,1,9,0.06873,0.07959,5.817e-05,f,17758677
00:00:32:415093,A,ed67219c,6272857929,36,L3uHds+euS7VozJK0GN3/2RJgaaqCD4dD9AI7OzbYBE=,0,0,0.04999,0.04773,7.725e-05,f,17758744
00:00:32:625991,A,6b97d9ee,6258695096,81,mbrS6V2tRbksMPO0y8EI9B9XT2ASaPRTNndslCGN/2A=,1,9,0.06873,0.07959,5.817e-05,f,17758857
00:00:32:626031,A,775bfa5a,6258695096,604,mbrS6V2tRbksMPO0y8EI9B9XT2ASaPRTNndslCGN/2A=,1,9,0.06873,0.07959,5.817e-05,f,17758863
00:00:32:854590,A,a35b7dd0,6272793742,7218,fJYeclskJqPWsAT6TX/r9X5OiIZpSEb2PBGliYAOMxM=,0,4,0.03748,0.02545,0.0001154,f,17758910
00:00:32:854601,A,93cd2325,6258695096,370,mbrS6V2tRbksMPO0y8EI9B9XT2ASaPRTNndslCGN/2A=,1,9,0.06873,0.07959,5.817e-05,f,17758912
00:00:32:854690,A,ddb8acbb,6258695096,826,mbrS6V2tRbksMPO0y8EI9B9XT2ASaPRTNndslCGN/2A=,1,9,0.06873,0.07959,5.817e-05,f,17758929
00:00:33:886200,A,7d36bf15,6258695096,730,mbrS6V2tRbksMPO0y8EI9B9XT2ASaPRTNndslCGN/2A=,1,9,0.06873,0.07959,5.817e-05,f,17759333
00:00:33:886248,A,0dadafa0,6258695096,196,mbrS6V2tRbksMPO0y8EI9B9XT2ASaPRTNndslCGN/2A=,1,9,0.06873,0.07959,5.817e-05,f,17759347
00:00:34:093841,A,df11a190,6272793742,1583,fJYeclskJqPWsAT6TX/r9X5OiIZpSEb2PBGliYAOMxM=,0,4,0.03748,0.02545,0.0001154,f,17759395
00:00:34:299443,A,778208ff,6258695096,93,mbrS6V2tRbksMPO0y8EI9B9XT2ASaPRTNndslCGN/2A=,1,9,0.06873,0.07959,5.817e-05,f,17759505
00:00:34:584783,A,bac742e2,6258695096,495,mbrS6V2tRbksMPO0y8EI9B9XT2ASaPRTNndslCGN/2A=,1,9,0.06873,0.07959,5.817e-05,f,17759584
00:00:34:797466,A,b43aa58a,6258695096,948,mbrS6V2tRbksMPO0y8EI9B9XT2ASaPRTNndslCGN/2A=,1,9,0.06873,0.07959,5.817e-05,f,17759656
00:00:34:797726,A,e51b997a,6258695096,537,mbrS6V2tRbksMPO0y8EI9B9XT2ASaPRTNndslCGN/2A=,1,9,0.06873,0.07959,5.817e-05,f,17759687
00:00:35:217891,A,91a0bd19,6258695096,571,mbrS6V2tRbksMPO0y8EI9B9XT2ASaPRTNndslCGN/2A=,1,9,0.06873,0.07959,5.817e-05,f,17759879
00:00:35:409848,A,18ef1e10,6258695096,955,mbrS6V2tRbksMPO0y8EI9B9XT2ASaPRTNndslCGN/2A=,1,9,0.06873,0.07959,5.817e-05,f,17759930
00:00:36:131238,A,42a73c3f,6258695096,26,mbrS6V2tRbksMPO0y8EI9B9XT2ASaPRTNndslCGN/2A=,1,9,0.06873,0.07959,5.817e-05,f,17760040
00:00:36:368121,A,6691c62b,6258695096,803,mbrS6V2tRbksMPO0y8EI9B9XT2ASaPRTNndslCGN/2A=,1,9,0.06873,0.07959,5.817e-05,f,17760102
00:00:36:368139,A,ea4cb88a,6258695096,638,mbrS6V2tRbksMPO0y8EI9B9XT2ASaPRTNndslCGN/2A=,1,9,0.06873,0.07959,5.817e-05,f,17760106
00:00:36:752172,A,14d6c315,6272793742,1646,fJYeclskJqPWsAT6TX/r9X5OiIZpSEb2PBGliYAOMxM=,0,4,0.03748,0.02545,0.0001154,f,17760222
00:00:36:752208,A,7bbf7aaa,6272857929,594,L3uHds+euS7VozJK0GN3/2RJgaaqCD4dD9AI7OzbYBE=,0,0,0.04999,0.04773,7.725e-05,f,17760227
00:00:37:057579,A,b64e688c,6258695096,415,mbrS6V2tRbksMPO0y8EI9B9XT2ASaPRTNndslCGN/2A=,1,9,0.06873,0.07959,5.817e-05,f,17760369
00:00:37:254478,A,c75eb773,6258695096,833,mbrS6V2tRbksMPO0y8EI9B9XT2ASaPRTNndslCGN/2A=,1,9,0.06873,0.07959,5.817e-05,f,17760467
00:00:37:469447,A,d5342cf7,6269380921,1,f7F3iYlP9QqyuUyW8v/H8sCjOf6XEy+lP3bzejIRLK0=,0,0,0.05627,0.0318,7.725e-05,f,17760543
00:00:37:665307,A,f787efa3,6258695096,78,mbrS6V2tRbksMPO0y8EI9B9XT2ASaPRTNndslCGN/2A=,1,9,0.06873,0.07959,5.817e-05,f,17760604
00:00:38:529345,A,2f03d5df,6258695096,513,mbrS6V2tRbksMPO0y8EI9B9XT2ASaPRTNndslCGN/2A=,1,9,0.06873,0.07959,5.817e-05,f,17760908
00:00:38:529720,A,3fa34b78,6258695096,1,mbrS6V2tRbksMPO0y8EI9B9XT2ASaPRTNndslCGN/2A=,1,9,0.06873,0.07959,5.817e-05,f,17760975
00:00:38:800098,A,47226e7b,6258695096,972,mbrS6V2tRbksMPO0y8EI9B9XT2ASaPRTNndslCGN/2A=,1,9,0.06873,0.07959,5.817e-05,f,17761051
00:00:39:049464,A,fa527cf9,6271789353,1551,8vU5SSVAeh9GJ4X9FV/j9A7SiLGWGoOKQdmKdAPSc/4=,0,0,0.009369,0.09546,0.0002317,f,17761104
00:00:39:049548,A,31be6c09,6258695096,99,mbrS6V2tRbksMPO0y8EI9B9XT2ASaPRTNndslCGN/2A=,1,9,0.06873,0.07959,5.817e-05,f,17761115
00:00:39:049578,A,2bd26e48,6258695096,806,mbrS6V2tRbksMPO0y8EI9B9XT2ASaPRTNndslCGN/2A=,1,9,0.06873,0.07959,5.817e-05,f,17761121
00:00:40:052371,A,051e242d,6258695096,603,mbrS6V2tRbksMPO0y8EI9B9XT2ASaPRTNndslCGN/2A=,1,9,0.06873,0.07959,5.817e-05,f,17761540
00:00:40:247464,A,23396180,6258695096,455,mbrS6V2tRbksMPO0y8EI9B9XT2ASaPRTNndslCGN/2A=,1,9,0.06873,0.07959,5.817e-05,f,17761620
00:00:40:247511,A,d8ee24af,6258695096,800,mbrS6V2tRbksMPO0y8EI9B9XT2ASaPRTNndslCGN/2A=,1,9,0.06873,0.07959,5.817e-05,f,17761627
00:00:40:650054,A,82fb7698,6258695096,71,mbrS6V2tRbksMPO0y8EI9B9XT2ASaPRTNndslCGN/2A=,1,9,0.06873,0.07959,5.817e-05,f,17761731
00:00:40:863967,A,046891d4,6271789353,5,8vU5SSVAeh9GJ4X9FV/j9A7SiLGWGoOKQdmKdAPSc/4=,0,0,0.009369,0.09546,0.0002317,f,17761861
00:00:41:272966,A,4445f799,6258695096,826,mbrS6V2tRbksMPO0y8EI9B9XT2ASaPRTNndslCGN/2A=,1,9,0.06873,0.07959,5.817e-05,f,17762015
00:00:41:273111,A,45783ce2,6258695096,257,mbrS6V2tRbksMPO0y8EI9B9XT2ASaPRTNndslCGN/2A=,1,9,0.06873,0.07959,5.817e-05,f,17762034
00:00:41:477368,A,fc1eaaba,6272793742,10342,fJYeclskJqPWsAT6TX/r9X5OiIZpSEb2PBGliYAOMxM=,0,4,0.03748,0.02545,0.0001154,f,17762088
00:00:41:878237,A,cbdefb17,6258695096,577,mbrS6V2tRbksMPO0y8EI9B9XT2ASaPRTNndslCGN/2A=,1,9,0.06873,0.07959,5.817e-05,f,17762233
00:00:41:878388,A,886317c3,6258695096,408,mbrS6V2tRbksMPO0y8EI9B9XT2ASaPRTNndslCGN/2A=,1,9,0.06873,0.07959,5.817e-05,f,17762253
00:00:41:878439,A,b03fc8bd,6258695096,670,mbrS6V2tRbksMPO0y8EI9B9XT2ASaPRTNndslCGN/2A=,1,9,0.06873,0.07959,5.817e-05,f,17762265
00:00:41:878520,A,01ac16dc,6258695096,620,mbrS6V2tRbksMPO0y8EI9B9XT2ASaPRTNndslCGN/2A=,1,9,0.06873,0.07959,5.817e-05,f,17762279
00:00:42:174658,A,2ca9514a,6258695096,968,mbrS6V2tRbksMPO0y8EI9B9XT2ASaPRTNndslCGN/2A=,1,9,0.06873,0.07959,5.817e-05,f,17762332
00:00:42:174686,A,4ebe8abf,6258695096,771,mbrS6V2tRbksMPO0y8EI9B9XT2ASaPRTNndslCGN/2A=,1,9,0.06873,0.07959,5.817e-05,f,17762334
00:00:42:174822,A,8e8df1b4,6258695096,539,mbrS6V2tRbksMPO0y8EI9B9XT2ASaPRTNndslCGN/2A=,1,9,0.06873,0.07959,5.817e-05,f,17762357
00:00:42:396998,A,b1108d4a,6272793742,3810,fJYeclskJqPWsAT6TX/r9X5OiIZpSEb2PBGliYAOMxM=,0,4,0.03748,0.02545,0.0001154,f,17762458
00:00:42:600390,A,a8d3b601,6272793742,7230,fJYeclskJqPWsAT6TX/r9X5OiIZpSEb2PBGliYAOMxM=,0,4,0.03748,0.02545,0.0001154,f,17762504
00:00:42:600532,A,e4d8fa11,6258695096,223,mbrS6V2tRbksMPO0y8EI9B9XT2ASaPRTNndslCGN/2A=,1,9,0.06873,0.07959,5.817e-05,f,17762537
00:00:42:984205,A,8835fc0c,6258695096,167,mbrS6V2tRbksMPO0y8EI9B9XT2ASaPRTNndslCGN/2A=,1,9,0.06873,0.07959,5.817e-05,f,17762704
00:00:43:396427,A,580ee3c8,6272857929,310,L3uHds+euS7VozJK0GN3/2RJgaaqCD4dD9AI7OzbYBE=,0,0,0.04999,0.04773,7.725e-05,f,17762883
00:00:43:406958,A,58b74cd2,6258695096,217,mbrS6V2tRbksMPO0y8EI9B9XT2ASaPRTNndslCGN/2A=,1,9,0.06873,0.07959,5.817e-05,f,17762942
00:00:43:407033,A,4ce2f082,6272793742,1979,fJYeclskJqPWsAT6TX/r9X5OiIZpSEb2PBGliYAOMxM=,0,4,0.03748,0.02545,0.0001154,f,17762953
00:00:43:597552,A,790c83e6,6272793742,8428,fJYeclskJqPWsAT6TX/r9X5OiIZpSEb2PBGliYAOMxM=,0,4,0.03748,0.02545,0.0001154,f,17762990
00:00:43:608770,A,d3490169,6258695096,100,mbrS6V2tRbksMPO0y8EI9B9XT2ASaPRTNndslCGN/2A=,1,9,0.06873,0.07959,5.817e-05,f,17763019
00:00:43:608789,A,543fed90,6258695096,608,mbrS6V2tRbksMPO0y8EI9B9XT2ASaPRTNndslCGN/2A=,1,9,0.06873,0.07959,5.817e-05,f,17763022
00:00:44:061771,A,a1c5be22,6258695096,365,mbrS6V2tRbksMPO0y8EI9B9XT2ASaPRTNndslCGN/2A=,1,9,0.06873,0.07959,5.817e-05,f,17763196
00:00:44:061903,A,cd39f090,6258695096,306,mbrS6V2tRbksMPO0y8EI9B9XT2ASaPRTNndslCGN/2A=,1,9,0.06873,0.07959,5.817e-05,f,17763212
00:00:44:271969,A,2978b1c5,6258695096,658,mbrS6V2tRbksMPO0y8EI9B9XT2ASaPRTNndslCGN/2A=,1,9,0.06873,0.07959,5.817e-05,f,17763254
00:00:44:272156,A,7f86cb6f,6272793742,1440,fJYeclskJqPWsAT6TX/r9X5OiIZpSEb2PBGliYAOMxM=,0,4,0.03748,0.02545,0.0001154,f,17763282
00:00:44:272199,A,a72ecf0d,6258695096,155,mbrS6V2tRbksMPO0y8EI9B9XT2ASaPRTNndslCGN/2A=,1,9,0.06873,0.07959,5.817e-05,f,17763284
00:00:44:775476,A,75d7a02e,6258695096,412,mbrS6V2tRbksMPO0y8EI9B9XT2ASaPRTNndslCGN/2A=,1,9,0.06873,0.07959,5.817e-05,f,17763416
00:00:44:775757,A,e9a84844,6272793742,8989,fJYeclskJqPWsAT6TX/r9X5OiIZpSEb2PBGliYAOMxM=,0,4,0.03748,0.02545,0.0001154,f,17763475
00:00:44:966829,A,7681a524,6258695096,372,mbrS6V2tRbksMPO0y8EI9B9XT2ASaPRTNndslCGN/2A=,1,9,0.06873,0.07959,5.817e-05,f,17763526
00:00:45:159744,A,de8b433a,6258695096,524,mbrS6V2tRbksMPO0y8EI9B9XT2ASaPRTNndslCGN/2A=,1,9,0.06873,0.07959,5.817e-05,f,17763654
00:00:45:159905,A,b12a722f,6258695096,601,mbrS6V2tRbksMPO0y8EI9B9XT2ASaPRTNndslCGN/2A=,1,9,0.06873,0.07959,5.817e-05,f,17763680
00:00:45:159995,A,877d8bda,6258695096,839,mbrS6V2tRbksMPO0y8EI9B9XT2ASaPRTNndslCGN/2A=,1,9,0.06873,0.07959,5.817e-05,f,17763688
00:00:45:550696,A,32fa92c3,6258695096,794,mbrS6V2tRbksMPO0y8EI9B9XT2ASaPRTNndslCGN/2A=,1,9,0.06873,0.07959,5.817e-05,f,17763820
00:00:45:550799,A,8e23cdb5,6258695096,525,mbrS6V2tRbksMPO0y8EI9B9XT2ASaPRTNndslCGN/2A=,1,9,0.06873,0.07959,5.817e-05,f,17763841
00:00:45:733885,A,af4ed417,6258695096,226,mbrS6V2tRbksMPO0y8EI9B9XT2ASaPRTNndslCGN/2A=,1,9,0.06873,0.07959,5.817e-05,f,17763895
00:00:45:733950,A,93b3b10f,6258695096,91,mbrS6V2tRbksMPO0y8EI9B9XT2ASaPRTNndslCGN/2A=,1,9,0.06873,0.07959,5.817e-05,f,17763908
00:00:45:931819,A,494a1a64,6272793742,7723,fJYeclskJqPWsAT6TX/r9X5OiIZpSEb2PBGliYAOMxM=,0,4,0.03748,0.02545,0.0001154,f,17763960
00:00:45:941087,A,85316e95,6258695096,469,mbrS6V2tRbksMPO0y8EI9B9XT2ASaPRTNndslCGN/2A=,1,9,0.06873,0.07959,5.817e-05,f,17763963
00:00:45:941106,A,ca66c8a4,6258695096,644,mbrS6V2tRbksMPO0y8EI9B9XT2ASaPRTNndslCGN/2A=,1,9,0.06873,0.07959,5.817e-05,f,17763969
00:00:45:941223,A,a32b9907,6258695096,777,mbrS6V2tRbksMPO0y8EI9B9XT2ASaPRTNndslCGN/2A=,1,9,0.06873,0.07959,5.817e-05,f,17764002
00:00:46:139965,A,867a434f,6258695096,967,mbrS6V2tRbksMPO0y8EI9B9XT2ASaPRTNndslCGN/2A=,1,9,0.06873,0.07959,5.817e-05,f,17764103
00:00:46:334267,A,6f48942a,6272793742,6806,fJYeclskJqPWsAT6TX/r9X5OiIZpSEb2PBGliYAOMxM=,0,4,0.03748,0.02545,0.0001154,f,17764154
00:00:46:521825,A,19fd27cc,6272793742,9406,fJYeclskJqPWsAT6TX/r9X5OiIZpSEb2PBGliYAOMxM=,0,4,0.03748,0.02545,0.0001154,f,17764228
00:00:46:522025,A,c2a4d9af,6258695096,475,mbrS6V2tRbksMPO0y8EI9B9XT2ASaPRTNndslCGN/2A=,1,9,0.06873,0.07959,5.817e-05,f,17764264
00:00:46:522051,A,6ff35ad8,6258695096,93,mbrS6V2tRbksMPO0y8EI9B9XT2ASaPRTNndslCGN/2A=,1,9,0.06873,0.07959,5.817e-05,f,17764274
00:00:46:718858,A,757685e2,6258695096,687,mbrS6V2tRbksMPO0y8EI9B9XT2ASaPRTNndslCGN/2A=,1,9,0.06873,0.07959,5.817e-05,f,17764346
00:00:46:718880,A,59de6e1d,6258695096,218,mbrS6V2tRbksMPO0y8EI9B9XT2ASaPRTNndslCGN/2A=,1,9,0.06873,0.07959,5.817e-05,f,17764348
00:00:47:110302,A,78a95b29,6272793742,7688,fJYeclskJqPWsAT6TX/r9X5OiIZpSEb2PBGliYAOMxM=,0,4,0.03748,0.02545,0.0001154,f,17764470
00:00:47:391874,A,67471394,6258695096,336,mbrS6V2tRbksMPO0y8EI9B9XT2ASaPRTNndslCGN/2A=,1,9,0.06873,0.07959,5.817e-05,f,17764550
00:00:47:640340,A,17082cc1,6258695096,615,mbrS6V2tRbksMPO0y8EI9B9XT2ASaPRTNndslCGN/2A=,1,9,0.06873,0.07959,5.817e-05,f,17764647
00:00:47:640379,A,db4247db,6272793742,2508,fJYeclskJqPWsAT6TX/r9X5OiIZpSEb2PBGliYAOMxM=,0,4,0.03748,0.02545,0.0001154,f,17764651
00:00:47:640395,A,bbff2729,6258695096,158,mbrS6V2tRbksMPO0y8EI9B9XT2ASaPRTNndslCGN/2A=,1,9,0.06873,0.07959,5.817e-05,f,17764653
00:00:47:926282,A,215e4c21,6258695096,541,mbrS6V2tRbksMPO0y8EI9B9XT2ASaPRTNndslCGN/2A=,1,9,0.06873,0.07959,5.817e-05,f,17764716
00:00:48:325036,A,fa525308,6258695096,522,mbrS6V2tRbksMPO0y8EI9B9XT2ASaPRTNndslCGN/2A=,1,9,0.06873,0.07959,5.817e-05,f,17764827
00:00:48:511721,A,f8f6f35c,6258695096,725,mbrS6V2tRbksMPO0y8EI9B9XT2ASaPRTNndslCGN/2A=,1,9,0.06873,0.07959,5.817e-05,f,17764884
00:00:48:707760,A,63c8d595,6258695096,277,mbrS6V2tRbksMPO0y8EI9B9XT2ASaPRTNndslCGN/2A=,1,9,0.06873,0.07959,5.817e-05,f,17764987
00:00:49:123582,A,588661c1,6258695096,518,mbrS6V2tRbksMPO0y8EI9B9XT2ASaPRTNndslCGN/2A=,1,9,0.06873,0.07959,5.817e-05,f,17765126
00:00:49:312659,A,553a9ead,6258695096,203,mbrS6V2tRbksMPO0y8EI9B9XT2ASaPRTNndslCGN/2A=,1,9,0.06873,0.07959,5.817e-05,f,17765193
00:00:49:687591,A,369e9ca0,6258695096,273,mbrS6V2tRbksMPO0y8EI9B9XT2ASaPRTNndslCGN/2A=,1,9,0.06873,0.07959,5.817e-05,f,17765307
00:00:49:687597,A,9d54511d,6258695096,903,mbrS6V2tRbksMPO0y8EI9B9XT2ASaPRTNndslCGN/2A=,1,9,0.06873,0.07959,5.817e-05,f,17765309
00:00:49:687940,A,1bf78600,6258695096,108,mbrS6V2tRbksMPO0y8EI9B9XT2ASaPRTNndslCGN/2A=,1,9,0.06873,0.07959,5.817e-05,f,17765355
00:00:50:195435,A,8acb253b,6258695096,780,mbrS6V2tRbksMPO0y8EI9B9XT2ASaPRTNndslCGN/2A=,1,9,0.06873,0.07959,5.817e-05,f,17765497
00:00:50:195463,A,5a21900f,6258695096,517,mbrS6V2tRbksMPO0y8EI9B9XT2ASaPRTNndslCGN/2A=,1,9,0.06873,0.07959,5.817e-05,f,17765499
00:00:50:386816,A,95b11895,6258695096,916,mbrS6V2tRbksMPO0y8EI9B9XT2ASaPRTNndslCGN/2A=,1,9,0.06873,0.07959,5.817e-05,f,17765591
00:00:50:386888,A,e44f49c5,6258695096,448,mbrS6V2tRbksMPO0y8EI9B9XT2ASaPRTNndslCGN/2A=,1,9,0.06873,0.07959,5.817e-05,f,17765611
00:00:51:139459,A,bd233ef9,6258695096,122,mbrS6V2tRbksMPO0y8EI9B9XT2ASaPRTNndslCGN/2A=,1,9,0.06873,0.07959,5.817e-05,f,17765660
00:00:51:139474,A,5b3052a2,6258695096,558,mbrS6V2tRbksMPO0y8EI9B9XT2ASaPRTNndslCGN/2A=,1,9,0.06873,0.07959,5.817e-05,f,17765664
00:00:51:524728,A,b007d66f,6258695096,882,mbrS6V2tRbksMPO0y8EI9B9XT2ASaPRTNndslCGN/2A=,1,9,0.06873,0.07959,5.817e-05,f,17765863
00:00:51:720406,A,5813df9a,6258695096,607,mbrS6V2tRbksMPO0y8EI9B9XT2ASaPRTNndslCGN/2A=,1,9,0.06873,0.07959,5.817e-05,f,17765955
00:00:52:116359,A,6888146d,6258695096,352,mbrS6V2tRbksMPO0y8EI9B9XT2ASaPRTNndslCGN/2A=,1,9,0.06873,0.07959,5.817e-05,f,17766088
00:00:52:116492,A,ad190715,6258695096,390,mbrS6V2tRbksMPO0y8EI9B9XT2ASaPRTNndslCGN/2A=,1,9,0.06873,0.07959,5.817e-05,f,17766104
00:00:52:772299,A,71e93620,6258695096,570,mbrS6V2tRbksMPO0y8EI9B9XT2ASaPRTNndslCGN/2A=,1,9,0.06873,0.07959,5.817e-05,f,17766310
00:00:52:772506,A,356fe66a,6258695096,707,mbrS6V2tRbksMPO0y8EI9B9XT2ASaPRTNndslCGN/2A=,1,9,0.06873,0.07959,5.817e-05,f,17766340
00:00:52:975975,A,ceece651,6258695096,237,mbrS6V2tRbksMPO0y8EI9B9XT2ASaPRTNndslCGN/2A=,1,9,0.06873,0.07959,5.817e-05,f,17766433
00:00:52:976083,A,11b233e1,6272793742,144,fJYeclskJqPWsAT6TX/r9X5OiIZpSEb2PBGliYAOMxM=,0,4,0.03748,0.02545,0.0001154,f,17766456
00:00:53:451698,A,72ad02aa,6258695096,13,mbrS6V2tRbksMPO0y8EI9B9XT2ASaPRTNndslCGN/2A=,1,9,0.06873,0.07959,5.817e-05,f,17766652
00:00:53:647095,A,089cd8bc,6258695096,127,mbrS6V2tRbksMPO0y8EI9B9XT2ASaPRTNndslCGN/2A=,1,9,0.06873,0.07959,5.817e-05,f,17766717
00:00:54:226896,A,3e115d5a,6258695096,582,mbrS6V2tRbksMPO0y8EI9B9XT2ASaPRTNndslCGN/2A=,1,9,0.06873,0.07959,5.817e-05,f,17768066
00:00:54:226901,A,c3cb73ea,6258695096,544,mbrS6V2tRbksMPO0y8EI9B9XT2ASaPRTNndslCGN/2A=,1,9,0.06873,0.07959,5.817e-05,f,17768068
00:00:54:226961,A,47b49bf5,6258695096,644,mbrS6V2tRbksMPO0y8EI9B9XT2ASaPRTNndslCGN/2A=,1,9,0.06873,0.07959,5.817e-05,f,17768079
00:00:54:227008,A,ca48e5dd,6258695096,400,mbrS6V2tRbksMPO0y8EI9B9XT2ASaPRTNndslCGN/2A=,1,9,0.06873,0.07959,5.817e-05,f,17768088
00:00:54:227054,A,2634cecb,6258695096,306,mbrS6V2tRbksMPO0y8EI9B9XT2ASaPRTNndslCGN/2A=,1,9,0.06873,0.07959,5.817e-05,f,17768097
00:00:54:609287,A,ba28c414,6258695096,61,mbrS6V2tRbksMPO0y8EI9B9XT2ASaPRTNndslCGN/2A=,1,9,0.06873,0.07959,5.817e-05,f,17768185
00:00:54:609301,A,38b2db48,6258695096,234,mbrS6V2tRbksMPO0y8EI9B9XT2ASaPRTNndslCGN/2A=,1,9,0.06873,0.07959,5.817e-05,f,17768189
00:00:54:804380,A,02847eef,6258695096,250,mbrS6V2tRbksMPO0y8EI9B9XT2ASaPRTNndslCGN/2A=,1,9,0.06873,0.07959,5.817e-05,f,17768437
00:00:55:059735,A,2470df4e,6258695096,627,mbrS6V2tRbksMPO0y8EI9B9XT2ASaPRTNndslCGN/2A=,1,9,0.06873,0.07959,5.817e-05,f,17768463
00:00:55:240483,A,f2d34807,6258695096,926,mbrS6V2tRbksMPO0y8EI9B9XT2ASaPRTNndslCGN/2A=,1,9,0.06873,0.07959,5.817e-05,f,17768622
00:00:55:449932,A,90e471e1,6272793742,7763,fJYeclskJqPWsAT6TX/r9X5OiIZpSEb2PBGliYAOMxM=,0,4,0.03748,0.02545,0.0001154,f,17768679
00:00:55:898727,A,7b15ec51,6258695096,708,mbrS6V2tRbksMPO0y8EI9B9XT2ASaPRTNndslCGN/2A=,1,9,0.06873,0.07959,5.817e-05,f,17768871
00:00:55:898777,A,cc195e86,6258695096,450,mbrS6V2tRbksMPO0y8EI9B9XT2ASaPRTNndslCGN/2A=,1,9,0.06873,0.07959,5.817e-05,f,17768877
00:00:55:898824,A,c5a84a8d,6258695096,529,mbrS6V2tRbksMPO0y8EI9B9XT2ASaPRTNndslCGN/2A=,1,9,0.06873,0.07959,5.817e-05,f,17768880
00:00:56:571520,A,b3f4b1f9,6258695096,684,mbrS6V2tRbksMPO0y8EI9B9XT2ASaPRTNndslCGN/2A=,1,9,0.06873,0.07959,5.817e-05,f,17769080
00:00:56:783202,A,16db0c6d,6258695096,284,mbrS6V2tRbksMPO0y8EI9B9XT2ASaPRTNndslCGN/2A=,1,9,0.06873,0.07959,5.817e-05,f,17769183
00:00:57:010165,A,ffcc45ab,6258695096,474,mbrS6V2tRbksMPO0y8EI9B9XT2ASaPRTNndslCGN/2A=,1,9,0.06873,0.07959,5.817e-05,f,17769235
00:00:57:532432,A,fa763370,6258695096,872,mbrS6V2tRbksMPO0y8EI9B9XT2ASaPRTNndslCGN/2A=,1,9,0.06873,0.07959,5.817e-05,f,17769418
00:00:57:976497,A,e400ced6,6258695096,479,mbrS6V2tRbksMPO0y8EI9B9XT2ASaPRTNndslCGN/2A=,1,9,0.06873,0.07959,5.817e-05,f,17769505
00:00:58:153770,A,d3de5fb5,6258695096,191,mbrS6V2tRbksMPO0y8EI9B9XT2ASaPRTNndslCGN/2A=,1,9,0.06873,0.07959,5.817e-05,f,17769555
00:00:58:153853,A,795d2479,6258695096,342,mbrS6V2tRbksMPO0y8EI9B9XT2ASaPRTNndslCGN/2A=,1,9,0.06873,0.07959,5.817e-05,f,17769573
00:00:58:153910,A,3fe6c9a8,6258695096,354,mbrS6V2tRbksMPO0y8EI9B9XT2ASaPRTNndslCGN/2A=,1,9,0.06873,0.07959,5.817e-05,f,17769581
00:00:58:153922,A,fd7e1d0e,6258695096,594,mbrS6V2tRbksMPO0y8EI9B9XT2ASaPRTNndslCGN/2A=,1,9,0.06873,0.07959,5.817e-05,f,17769585
00:00:58:352513,A,3247ff3f,6258695096,224,mbrS6V2tRbksMPO0y8EI9B9XT2ASaPRTNndslCGN/2A=,1,9,0.06873,0.07959,5.817e-05,f,17769644
00:00:58:771843,A,4372ac12,6258695096,94,mbrS6V2tRbksMPO0y8EI9B9XT2ASaPRTNndslCGN/2A=,1,9,0.06873,0.07959,5.817e-05,f,17769816
00:00:58:947655,A,e74d2641,6258695096,374,mbrS6V2tRbksMPO0y8EI9B9XT2ASaPRTNndslCGN/2A=,1,9,0.06873,0.07959,5.817e-05,f,17769901
00:00:59:132214,A,0a17e9b0,6258695096,141,mbrS6V2tRbksMPO0y8EI9B9XT2ASaPRTNndslCGN/2A=,1,9,0.06873,0.07959,5.817e-05,f,17769963
00:00:59:132251,A,729795dc,6258695096,362,mbrS6V2tRbksMPO0y8EI9B9XT2ASaPRTNndslCGN/2A=,1,9,0.06873,0.07959,5.817e-05,f,17769974
00:00:59:316668,A,f9060446,6258695096,375,mbrS6V2tRbksMPO0y8EI9B9XT2ASaPRTNndslCGN/2A=,1,9,0.06873,0.07959,5.817e-05,f,17770029
00:00:59:316737,A,6842672f,6258695096,269,mbrS6V2tRbksMPO0y8EI9B9XT2ASaPRTNndslCGN/2A=,1,9,0.06873,0.07959,5.817e-05,f,17770037
00:00:59:316849,A,bd72ff15,6258695096,751,mbrS6V2tRbksMPO0y8EI9B9XT2ASaPRTNndslCGN/2A=,1,9,0.06873,0.07959,5.817e-05,f,17770048
00:00:59:316925,A,f368f797,6258695096,649,mbrS6V2tRbksMPO0y8EI9B9XT2ASaPRTNndslCGN/2A=,1,9,0.06873,0.07959,5.817e-05,f,17770064
00:00:59:740298,A,199fc628,6258695096,536,mbrS6V2tRbksMPO0y8EI9B9XT2ASaPRTNndslCGN/2A=,1,9,0.06873,0.07959,5.817e-05,f,17770180
00:00:59:740486,A,0697fe36,6258695096,793,mbrS6V2tRbksMPO0y8EI9B9XT2ASaPRTNndslCGN/2A=,1,9,0.06873,0.07959,5.817e-05,f,17770211
00:00:59:953749,A,9f0452f8,6258695096,115,mbrS6V2tRbksMPO0y8EI9B9XT2ASaPRTNndslCGN/2A=,1,9,0.06873,0.07959,5.817e-05,f,17770264
00:00:59:953836,A,7f529cd7,6258695096,603,mbrS6V2tRbksMPO0y8EI9B9XT2ASaPRTNndslCGN/2A=,1,9,0.06873,0.07959,5.817e-05,f,17770277
00:01:00:181585,A,53536317,6258695096,778,mbrS6V2tRbksMPO0y8EI9B9XT2ASaPRTNndslCGN/2A=,1,9,0.06873,0.07959,5.817e-05,f,17770341
00:01:00:474037,A,77d58ea7,6258695096,658,mbrS6V2tRbksMPO0y8EI9B9XT2ASaPRTNndslCGN/2A=,1,9,0.06873,0.07959,5.817e-05,f,17770426
00:01:00:678875,A,8fb81a6b,6258695096,865,mbrS6V2tRbksMPO0y8EI9B9XT2ASaPRTNndslCGN/2A=,1,9,0.06873,0.07959,5.817e-05,f,17770466
00:01:00:885538,A,790f0f13,6272793742,1152,fJYeclskJqPWsAT6TX/r9X5OiIZpSEb2PBGliYAOMxM=,0,4,0.03748,0.02545,0.0001154,f,17770548
00:01:00:885735,A,9526a6bb,6258695096,272,mbrS6V2tRbksMPO0y8EI9B9XT2ASaPRTNndslCGN/2A=,1,9,0.06873,0.07959,5.817e-05,f,17770579
00:01:01:079775,A,f9f0ba01,6258695096,811,mbrS6V2tRbksMPO0y8EI9B9XT2ASaPRTNndslCGN/2A=,1,9,0.06873,0.07959,5.817e-05,f,17770657
00:01:01:277492,A,a94b8a07,6258695096,236,mbrS6V2tRbksMPO0y8EI9B9XT2ASaPRTNndslCGN/2A=,1,9,0.06873,0.07959,5.817e-05,f,17770730
00:01:01:277543,A,a911a153,6258695096,514,mbrS6V2tRbksMPO0y8EI9B9XT2ASaPRTNndslCGN/2A=,1,9,0.06873,0.07959,5.817e-05,f,17770740
00:01:01:480422,A,4ff5c718,6258695096,194,mbrS6V2tRbksMPO0y8EI9B9XT2ASaPRTNndslCGN/2A=,1,9,0.06873,0.07959,5.817e-05,f,17770835
00:01:01:652312,A,8d601623,6258695096,508,mbrS6V2tRbksMPO0y8EI9B9XT2ASaPRTNndslCGN/2A=,1,9,0.06873,0.07959,5.817e-05,f,17770906
00:01:02:557041,A,7f8293ba,6258695096,305,mbrS6V2tRbksMPO0y8EI9B9XT2ASaPRTNndslCGN/2A=,1,9,0.06873,0.07959,5.817e-05,f,17771080
00:01:02:833645,A,303f3740,6258695096,884,mbrS6V2tRbksMPO0y8EI9B9XT2ASaPRTNndslCGN/2A=,1,9,0.06873,0.07959,5.817e-05,f,17771149
00:01:03:000178,A,4a0606ae,6272945199,0,HBL13RkuP8hPfuPHZHIJTQZkoEtBdUQ9gtpKwGmSfJc=,2,1,0.00769,0.004662,1.144e-05,f,17771189
00:01:03:008069,A,ea7498c2,6272945205,6,4Ubmtvv/epOnUEgegvGV9mCxxcZkV4z/Dm8RY/9SEYw=,0,0,0.06873,0.01193,0.0001154,f,17771198
00:01:03:008088,A,76048587,6272945205,46,4Ubmtvv/epOnUEgegvGV9mCxxcZkV4z/Dm8RY/9SEYw=,0,0,0.06873,0.01193,0.0001154,f,17771238
00:01:03:008091,A,f9a1e496,6272945205,52,4Ubmtvv/epOnUEgegvGV9mCxxcZkV4z/Dm8RY/9SEYw=,0,0,0.06873,0.01193,0.0001154,f,17771244
00:01:03:008093,A,3b2cfdc0,6272945205,58,4Ubmtvv/epOnUEgegvGV9mCxxcZkV4z/Dm8RY/9SEYw=,0,0,0.06873,0.01193,0.0001154,f,17771250
00:01:03:008098,A,b64b0eab,6272945205,67,4Ubmtvv/epOnUEgegvGV9mCxxcZkV4z/Dm8RY/9SEYw=,0,0,0.06873,0.01193,0.0001154,f,17771259
00:01:03:008110,A,296a66c5,6272945205,93,4Ubmtvv/epOnUEgegvGV9mCxxcZkV4z/Dm8RY/9SEYw=,0,0,0.06873,0.01193,0.0001154,f,17771285
00:01:03:008129,A,6116a326,6272945205,133,4Ubmtvv/epOnUEgegvGV9mCxxcZkV4z/Dm8RY/9SEYw=,0,0,0.06873,0.01193,0.0001154,f,17771325
00:01:03:008130,A,740b1ca8,6272945205,134,4Ubmtvv/epOnUEgegvGV9mCxxcZkV4z/Dm8RY/9SEYw=,0,0,0.06873,0.01193,0.0001154,f,17771326
00:01:03:008131,A,3036f8e4,6272945205,137,4Ubmtvv/epOnUEgegvGV9mCxxcZkV4z/Dm8RY/9SEYw=,0,0,0.06873,0.01193,0.0001154,f,17771329
00:01:03:008133,A,30be22f3,6272945205,142,4Ubmtvv/epOnUEgegvGV9mCxxcZkV4z/Dm8RY/9SEYw=,0,0,0.06873,0.01193,0.0001154,f,17771334
00:01:03:008134,A,7cbc03fb,6272945205,144,4Ubmtvv/epOnUEgegvGV9mCxxcZkV4z/Dm8RY/9SEYw=,0,0,0.06873,0.01193,0.0001154,f,17771336
00:01:03:008139,A,0be1ca96,6272945205,153,4Ubmtvv/epOnUEgegvGV9mCxxcZkV4z/Dm8RY/9SEYw=,0,0,0.06873,0.01193,0.0001154,f,17771345
00:01:03:008141,A,5906ab32,6272945205,157,4Ubmtvv/epOnUEgegvGV9mCxxcZkV4z/Dm8RY/9SEYw=,0,0,0.06873,0.01193,0.0001154,f,17771349
00:01:03:008154,A,eefafa4a,6272945205,186,4Ubmtvv/epOnUEgegvGV9mCxxcZkV4z/Dm8RY/9SEYw=,0,0,0.06873,0.01193,0.0001154,f,17771378
00:01:03:008155,A,f6498234,6272945205,188,4Ubmtvv/epOnUEgegvGV9mCxxcZkV4z/Dm8RY/9SEYw=,0,0,0.06873,0.01193,0.0001154,f,17771380
00:01:03:008161,A,b43e363e,6272945205,200,4Ubmtvv/epOnUEgegvGV9mCxxcZkV4z/Dm8RY/9SEYw=,0,0,0.06873,0.01193,0.0001154,f,17771392
00:01:03:008179,A,9e947613,6272945205,237,4Ubmtvv/epOnUEgegvGV9mCxxcZkV4z/Dm8RY/9SEYw=,0,0,0.06873,0.01193,0.0001154,f,17771429
00:01:03:008183,A,e6d98ed5,6272945205,247,4Ubmtvv/epOnUEgegvGV9mCxxcZkV4z/Dm8RY/9SEYw=,0,0,0.06873,0.01193,0.0001154,f,17771439
00:01:03:008186,A,374dc366,6272945205,253,4Ubmtvv/epOnUEgegvGV9mCxxcZkV4z/Dm8RY/9SEYw=,0,0,0.06873,0.01193,0.0001154,f,17771445
00:01:03:008188,A,976e7ad6,6272945205,257,4Ubmtvv/epOnUEgegvGV9mCxxcZkV4z/Dm8RY/9SEYw=,0,0,0.06873,0.01193,0.0001154,f,17771449
00:01:03:008201,A,44e8d158,6272945205,284,4Ubmtvv/epOnUEgegvGV9mCxxcZkV4z/Dm8RY/9SEYw=,0,0,0.06873,0.01193,0.0001154,f,17771476
00:01:03:008206,A,87b6fee5,6272945205,294,4Ubmtvv/epOnUEgegvGV9mCxxcZkV4z/Dm8RY/9SEYw=,0,0,0.06873,0.01193,0.0001154,f,17771486
00:01:03:008226,A,7aa1fe1e,6272945205,338,4Ubmtvv/epOnUEgegvGV9mCxxcZkV4z/Dm8RY/9SEYw=,0,0,0.06873,0.01193,0.0001154,f,17771530
00:01:03:008240,A,c2862c06,6272945205,366,4Ubmtvv/epOnUEgegvGV9mCxxcZkV4z/Dm8RY/9SEYw=,0,0,0.06873,0.01193,0.0001154,f,17771558
00:01:03:008241,A,65bba46b,6272945205,369,4Ubmtvv/epOnUEgegvGV9mCxxcZkV4z/Dm8RY/9SEYw=,0,0,0.06873,0.01193,0.0001154,f,17771561
00:01:03:008268,A,230f940b,6272945205,426,4Ubmtvv/epOnUEgegvGV9mCxxcZkV4z/Dm8RY/9SEYw=,0,0,0.06873,0.01193,0.0001154,f,17771618
00:01:03:008278,A,d9461150,6272945205,446,4Ubmtvv/epOnUEgegvGV9mCxxcZkV4z/Dm8RY/9SEYw=,0,0,0.06873,0.01193,0.0001154,f,17771638
00:01:03:008280,A,a445fd8a,6272945205,451,4Ubmtvv/epOnUEgegvGV9mCxxcZkV4z/Dm8RY/9SEYw=,0,0,0.06873,0.01193,0.0001154,f,17771643
00:01:03:008282,A,3c229990,6272945205,455,4Ubmtvv/epOnUEgegvGV9mCxxcZkV4z/Dm8RY/9SEYw=,0,0,0.06873,0.01193,0.0001154,f,17771647
00:01:03:008293,A,7ea8c623,6272945205,478,4Ubmtvv/epOnUEgegvGV9mCxxcZkV4z/Dm8RY/9SEYw=,0,0,0.06873,0.01193,0.0001154,f,17771670
00:01:03:008297,A,8b29a18f,6272945205,486,4Ubmtvv/epOnUEgegvGV9mCxxcZkV4z/Dm8RY/9SEYw=,0,0,0.06873,0.01193,0.0001154,f,17771678
00:01:03:008298,A,01cb1094,6272945205,489,4Ubmtvv/epOnUEgegvGV9mCxxcZkV4z/Dm8RY/9SEYw=,0,0,0.06873,0.01193,0.0001154,f,17771681
00:01:03:008302,A,9b64905b,6272945205,496,4Ubmtvv/epOnUEgegvGV9mCxxcZkV4z/Dm8RY/9SEYw=,0,0,0.06873,0.01193,0.0001154,f,17771688
00:01:03:008305,A,7b85895b,6272945205,503,4Ubmtvv/epOnUEgegvGV9mCxxcZkV4z/Dm8RY/9SEYw=,0,0,0.06873,0.01193,0.0001154,f,17771695
00:01:03:008309,A,5414de58,6272945205,511,4Ubmtvv/epOnUEgegvGV9mCxxcZkV4z/Dm8RY/9SEYw=,0,0,0.06873,0.01193,0.0001154,f,17771703
00:01:03:008319,A,ec5cd7a7,6272945205,532,4Ubmtvv/epOnUEgegvGV9mCxxcZkV4z/Dm8RY/9SEYw=,0,0,0.06873,0.01193,0.0001154,f,17771724
00:01:03:008328,A,96291de8,6272945205,552,4Ubmtvv/epOnUEgegvGV9mCxxcZkV4z/Dm8RY/9SEYw=,0,0,0.06873,0.01193,0.0001154,f,17771744
00:01:03:008333,A,bfedbcd2,6272945205,563,4Ubmtvv/epOnUEgegvGV9mCxxcZkV4z/Dm8RY/9SEYw=,0,0,0.06873,0.01193,0.0001154,f,17771755
00:01:03:008338,A,3f46f21c,6272945205,573,4Ubmtvv/epOnUEgegvGV9mCxxcZkV4z/Dm8RY/9SEYw=,0,0,0.06873,0.01193,0.0001154,f,17771765
00:01:03:008341,A,84103d39,6272945205,579,4Ubmtvv/epOnUEgegvGV9mCxxcZkV4z/Dm8RY/9SEYw=,0,0,0.06873,0.01193,0.0001154,f,17771771
00:01:03:008358,A,6f66ed74,6272945205,614,4Ubmtvv/epOnUEgegvGV9mCxxcZkV4z/Dm8RY/9SEYw=,0,0,0.06873,0.01193,0.0001154,f,17771806
00:01:03:008359,A,ad85afb6,6272945205,616,4Ubmtvv/epOnUEgegvGV9mCxxcZkV4z/Dm8RY/9SEYw=,0,0,0.06873,0.01193,0.0001154,f,17771808
00:01:03:008380,A,fd3dea0c,6272945205,662,4Ubmtvv/epOnUEgegvGV9mCxxcZkV4z/Dm8RY/9SEYw=,0,0,0.06873,0.01193,0.0001154,f,17771854
00:01:03:008384,A,ee2e7758,6272945205,670,4Ubmtvv/epOnUEgegvGV9mCxxcZkV4z/Dm8RY/9SEYw=,0,0,0.06873,0.01193,0.0001154,f,17771862
00:01:03:008387,A,2f33adbb,6272945205,676,4Ubmtvv/epOnUEgegvGV9mCxxcZkV4z/Dm8RY/9SEYw=,0,0,0.06873,0.01193,0.0001154,f,17771868
00:01:03:008391,A,a32143d0,6272945205,684,4Ubmtvv/epOnUEgegvGV9mCxxcZkV4z/Dm8RY/9SEYw=,0,0,0.06873,0.01193,0.0001154,f,17771876
00:01:03:008393,A,a71fc440,6272945205,689,4Ubmtvv/epOnUEgegvGV9mCxxcZkV4z/Dm8RY/9SEYw=,0,0,0.06873,0.01193,0.0001154,f,17771881
00:01:03:008395,A,39a61b1e,6272945205,692,4Ubmtvv/epOnUEgegvGV9mCxxcZkV4z/Dm8RY/9SEYw=,0,0,0.06873,0.01193,0.0001154,f,17771884
00:01:03:008399,A,bf0f5b5f,6272945205,702,4Ubmtvv/epOnUEgegvGV9mCxxcZkV4z/Dm8RY/9SEYw=,0,0,0.06873,0.01193,0.0001154,f,17771894
00:01:03:008404,A,c9bba665,6272945205,712,4Ubmtvv/epOnUEgegvGV9mCxxcZkV4z/Dm8RY/9SEYw=,0,0,0.06873,0.01193,0.0001154,f,17771904
00:01:03:008414,A,49baf85e,6272945205,733,4Ubmtvv/epOnUEgegvGV9mCxxcZkV4z/Dm8RY/9SEYw=,0,0,0.06873,0.01193,0.0001154,f,17771925
00:01:03:008417,A,b544348f,6272945205,738,4Ubmtvv/epOnUEgegvGV9mCxxcZkV4z/Dm8RY/9SEYw=,0,0,0.06873,0.01193,0.0001154,f,17771930
00:01:03:008434,A,7b0ec62f,6272945205,775,4Ubmtvv/epOnUEgegvGV9mCxxcZkV4z/Dm8RY/9SEYw=,0,0,0.06873,0.01193,0.0001154,f,17771967
00:01:03:008445,A,e9713fe7,6272945205,798,4Ubmtvv/epOnUEgegvGV9mCxxcZkV4z/Dm8RY/9SEYw=,0,0,0.06873,0.01193,0.0001154,f,17771990
00:01:03:008457,A,2d3b8c22,6272945205,823,4Ubmtvv/epOnUEgegvGV9mCxxcZkV4z/Dm8RY/9SEYw=,0,0,0.06873,0.01193,0.0001154,f,17772015
00:01:03:008462,A,39a843bb,6272945205,834,4Ubmtvv/epOnUEgegvGV9mCxxcZkV4z/Dm8RY/9SEYw=,0,0,0.06873,0.01193,0.0001154,f,17772026
00:01:03:008477,A,d5e0241e,6272945205,866,4Ubmtvv/epOnUEgegvGV9mCxxcZkV4z/Dm8RY/9SEYw=,0,0,0.06873,0.01193,0.0001154,f,17772058
00:01:03:008493,A,9555e194,6272945205,899,4Ubmtvv/epOnUEgegvGV9mCxxcZkV4z/Dm8RY/9SEYw=,0,0,0.06873,0.01193,0.0001154,f,17772091
00:01:03:008495,A,4f16325c,6272945205,903,4Ubmtvv/epOnUEgegvGV9mCxxcZkV4z/Dm8RY/9SEYw=,0,0,0.06873,0.01193,0.0001154,f,17772095
00:01:03:008501,A,6833b010,6272945205,915,4Ubmtvv/epOnUEgegvGV9mCxxcZkV4z/Dm8RY/9SEYw=,0,0,0.06873,0.01193,0.0001154,f,17772107
00:01:03:008520,A,2a60b03d,6272945205,955,4Ubmtvv/epOnUEgegvGV9mCxxcZkV4z/Dm8RY/9SEYw=,0,0,0.06873,0.01193,0.0001154,f,17772147
00:01:03:008520,A,44bf04bb,6272945205,956,4Ubmtvv/epOnUEgegvGV9mCxxcZkV4z/Dm8RY/9SEYw=,0,0,0.06873,0.01193,0.0001154,f,17772148
00:01:03:008529,A,d2aac74f,6272945205,975,4Ubmtvv/epOnUEgegvGV9mCxxcZkV4z/Dm8RY/9SEYw=,0,0,0.06873,0.01193,0.0001154,f,17772167
00:01:03:008535,A,e93e63c4,6272945205,988,4Ubmtvv/epOnUEgegvGV9mCxxcZkV4z/Dm8RY/9SEYw=,0,0,0.06873,0.01193,0.0001154,f,17772180
00:01:03:008538,A,ff772b12,6272945205,994,4Ubmtvv/epOnUEgegvGV9mCxxcZkV4z/Dm8RY/9SEYw=,0,0,0.06873,0.01193,0.0001154,f,17772186
00:01:03:008549,A,1c30dc26,6272945205,1016,4Ubmtvv/epOnUEgegvGV9mCxxcZkV4z/Dm8RY/9SEYw=,0,0,0.06873,0.01193,0.0001154,f,17772208
00:01:03:008560,A,233234f2,6272945205,1041,4Ubmtvv/epOnUEgegvGV9mCxxcZkV4z/Dm8RY/9SEYw=,0,0,0.06873,0.01193,0.0001154,f,17772233
00:01:03:008577,A,10c32710,6272945205,1076,4Ubmtvv/epOnUEgegvGV9mCxxcZkV4z/Dm8RY/9SEYw=,0,0,0.06873,0.01193,0.0001154,f,17772268
00:01:03:008586,A,97056fcd,6272945205,1095,4Ubmtvv/epOnUEgegvGV9mCxxcZkV4z/Dm8RY/9SEYw=,0,0,0.06873,0.01193,0.0001154,f,17772287
00:01:03:008589,A,308094d9,6272945205,1102,4Ubmtvv/epOnUEgegvGV9mCxxcZkV4z/Dm8RY/9SEYw=,0,0,0.06873,0.01193,0.0001154,f,17772294
00:01:03:008595,A,74002173,6272945205,1114,4Ubmtvv/epOnUEgegvGV9mCxxcZkV4z/Dm8RY/9SEYw=,0,0,0.06873,0.01193,0.0001154,f,17772306
00:01:03:008602,A,84a30ced,6272945205,1128,4Ubmtvv/epOnUEgegvGV9mCxxcZkV4z/Dm8RY/9SEYw=,0,0,0.06873,0.01193,0.0001154,f,17772320
00:01:03:008608,A,0e1ae51f,6272945205,1141,4Ubmtvv/epOnUEgegvGV9mCxxcZkV4z/Dm8RY/9SEYw=,0,0,0.06873,0.01193,0.0001154,f,17772333
00:01:03:008614,A,cf843d23,6272945205,1153,4Ubmtvv/epOnUEgegvGV9mCxxcZkV4z/Dm8RY/9SEYw=,0,0,0.06873,0.01193,0.0001154,f,17772345
00:01:03:008618,A,130a5ff1,6272945205,1163,4Ubmtvv/epOnUEgegvGV9mCxxcZkV4z/Dm8RY/9SEYw=,0,0,0.06873,0.01193,0.0001154,f,17772355
00:01:03:008619,A,88992726,6272945205,1164,4Ubmtvv/epOnUEgegvGV9mCxxcZkV4z/Dm8RY/9SEYw=,0,0,0.06873,0.01193,0.0001154,f,17772356
00:01:03:008621,A,f1736286,6272945205,1169,4Ubmtvv/epOnUEgegvGV9mCxxcZkV4z/Dm8RY/9SEYw=,0,0,0.06873,0.01193,0.0001154,f,17772361
00:01:03:008631,A,d2854767,6272945205,1190,4Ubmtvv/epOnUEgegvGV9mCxxcZkV4z/Dm8RY/9SEYw=,0,0,0.06873,0.01193,0.0001154,f,17772382
00:01:03:019901,A,03feab77,6258695096,1,mbrS6V2tRbksMPO0y8EI9B9XT2ASaPRTNndslCGN/2A=,1,9,0.06873,0.07959,5.817e-05,f,17772423
00:01:03:019993,A,c4a1b9c4,6258695096,18,mbrS6V2tRbksMPO0y8EI9B9XT2ASaPRTNndslCGN/2A=,1,9,0.06873,0.07959,5.817e-05,f,17772441
00:01:03:443254,A,c2ddb96c,6258695096,331,mbrS6V2tRbksMPO0y8EI9B9XT2ASaPRTNndslCGN/2A=,1,9,0.06873,0.07959,5.817e-05,f,17772593
00:01:03:626705,A,041f005a,6258695096,679,mbrS6V2tRbksMPO0y8EI9B9XT2ASaPRTNndslCGN/2A=,1,9,0.06873,0.07959,5.817e-05,f,17772618
00:01:03:626936,A,0ba9bf46,6258695096,910,mbrS6V2tRbksMPO0y8EI9B9XT2ASaPRTNndslCGN/2A=,1,9,0.06873,0.07959,5.817e-05,f,17772656
00:01:04:035415,A,89103abf,6272952491,15,HBL13RkuP8hPfuPHZHIJTQZkoEtBdUQ9gtpKwGmSfJc=,0,0,0.006248,0.001554,9.537e-06,f,17773587
00:01:04:037571,A,be67547a,6272952569,20,HBL13RkuP8hPfuPHZHIJTQZkoEtBdUQ9gtpKwGmSfJc=,0,0,0.006248,0.001554,9.537e-06,f,17773668
00:01:04:037572,A,70fd1cbb,6272952569,23,HBL13RkuP8hPfuPHZHIJTQZkoEtBdUQ9gtpKwGmSfJc=,0,0,0.006248,0.001554,9.537e-06,f,17773671
00:01:04:446244,A,fefc1acc,6258695096,226,mbrS6V2tRbksMPO0y8EI9B9XT2ASaPRTNndslCGN/2A=,1,9,0.06873,0.07959,5.817e-05,f,17773888
00:01:04:446308,A,356b1e9d,6272793742,8138,fJYeclskJqPWsAT6TX/r9X5OiIZpSEb2PBGliYAOMxM=,0,4,0.03748,0.02545,0.0001154,f,17773898
00:01:05:030211,A,afcb1b8f,6258695096,645,mbrS6V2tRbksMPO0y8EI9B9XT2ASaPRTNndslCGN/2A=,1,9,0.06873,0.07959,5.817e-05,f,17774313
00:01:05:030262,A,9a17f13f,6272793742,9499,fJYeclskJqPWsAT6TX/r9X5OiIZpSEb2PBGliYAOMxM=,0,4,0.03748,0.02545,0.0001154,f,17774327
00:01:05:030269,A,9ea7e6d7,6258695096,102,mbrS6V2tRbksMPO0y8EI9B9XT2ASaPRTNndslCGN/2A=,1,9,0.06873,0.07959,5.817e-05,f,17774329
00:01:05:858957,A,fcbf8318,6272793742,4448,fJYeclskJqPWsAT6TX/r9X5OiIZpSEb2PBGliYAOMxM=,0,4,0.03748,0.02545,0.0001154,f,17774457
00:01:06:089327,A,70b3496a,6272793742,3817,fJYeclskJqPWsAT6TX/r9X5OiIZpSEb2PBGliYAOMxM=,0,4,0.03748,0.02545,0.0001154,f,17774602
00:01:06:309050,A,d0253acc,6258695096,198,mbrS6V2tRbksMPO0y8EI9B9XT2ASaPRTNndslCGN/2A=,1,9,0.06873,0.07959,5.817e-05,f,17774689
00:01:06:309129,A,a477a048,6258695096,461,mbrS6V2tRbksMPO0y8EI9B9XT2ASaPRTNndslCGN/2A=,1,9,0.06873,0.07959,5.817e-05,f,17774703
00:01:06:309165,A,032b5fb7,6272793742,1549,fJYeclskJqPWsAT6TX/r9X5OiIZpSEb2PBGliYAOMxM=,0,4,0.03748,0.02545,0.0001154,f,17774714
00:01:06:309180,A,57897d41,6258695096,0,mbrS6V2tRbksMPO0y8EI9B9XT2ASaPRTNndslCGN/2A=,1,9,0.06873,0.07959,5.817e-05,f,17774716
00:01:06:309182,A,2e96a498,6272793742,6894,fJYeclskJqPWsAT6TX/r9X5OiIZpSEb2PBGliYAOMxM=,0,4,0.03748,0.02545,0.0001154,f,17774718
00:01:06:309208,A,87fc0ca2,6258695096,934,mbrS6V2tRbksMPO0y8EI9B9XT2ASaPRTNndslCGN/2A=,1,9,0.06873,0.07959,5.817e-05,f,17774724
00:01:06:531469,A,f9059d76,6258695096,931,mbrS6V2tRbksMPO0y8EI9B9XT2ASaPRTNndslCGN/2A=,1,9,0.06873,0.07959,5.817e-05,f,17774860
00:01:06:783780,A,a88df862,6258695096,701,mbrS6V2tRbksMPO0y8EI9B9XT2ASaPRTNndslCGN/2A=,1,9,0.06873,0.07959,5.817e-05,f,17774971
00:01:07:005155,A,69e36667,6258695096,178,mbrS6V2tRbksMPO0y8EI9B9XT2ASaPRTNndslCGN/2A=,1,9,0.06873,0.07959,5.817e-05,f,17775071
00:01:07:236425,A,17aa843e,6258695096,240,mbrS6V2tRbksMPO0y8EI9B9XT2ASaPRTNndslCGN/2A=,1,9,0.06873,0.07959,5.817e-05,f,17775145
00:01:07:236462,A,11df048e,6258695096,859,mbrS6V2tRbksMPO0y8EI9B9XT2ASaPRTNndslCGN/2A=,1,9,0.06873,0.07959,5.817e-05,f,17775153
00:01:07:457204,A,fcf945fd,6258695096,550,mbrS6V2tRbksMPO0y8EI9B9XT2ASaPRTNndslCGN/2A=,1,9,0.06873,0.07959,5.817e-05,f,17775216
00:01:07:457311,A,67601584,6258695096,541,mbrS6V2tRbksMPO0y8EI9B9XT2ASaPRTNndslCGN/2A=,1,9,0.06873,0.07959,5.817e-05,f,17775230
00:01:07:457399,A,b043776c,6258695096,82,mbrS6V2tRbksMPO0y8EI9B9XT2ASaPRTNndslCGN/2A=,1,9,0.06873,0.07959,5.817e-05,f,17775241
00:01:07:457434,A,33ecea1d,6272793742,205,fJYeclskJqPWsAT6TX/r9X5OiIZpSEb2PBGliYAOMxM=,0,4,0.03748,0.02545,0.0001154,f,17775256
00:01:07:457450,A,1359975c,6258695096,801,mbrS6V2tRbksMPO0y8EI9B9XT2ASaPRTNndslCGN/2A=,1,9,0.06873,0.07959,5.817e-05,f,17775260
00:01:07:457481,A,b5de0e7e,6272793742,3903,fJYeclskJqPWsAT6TX/r9X5OiIZpSEb2PBGliYAOMxM=,0,4,0.03748,0.02545,0.0001154,f,17775264
00:01:07:694526,A,e85bc290,6258695096,366,mbrS6V2tRbksMPO0y8EI9B9XT2ASaPRTNndslCGN/2A=,1,9,0.06873,0.07959,5.817e-05,f,17775304
00:01:07:694637,A,5c45f76d,6258695096,24,mbrS6V2tRbksMPO0y8EI9B9XT2ASaPRTNndslCGN/2A=,1,9,0.06873,0.07959,5.817e-05,f,17775315
00:01:07:937846,A,4931c3e3,6258695096,533,mbrS6V2tRbksMPO0y8EI9B9XT2ASaPRTNndslCGN/2A=,1,9,0.06873,0.07959,5.817e-05,f,17775384
00:01:07:938150,A,e8db71f2,6272793742,7221,fJYeclskJqPWsAT6TX/r9X5OiIZpSEb2PBGliYAOMxM=,0,4,0.03748,0.02545,0.0001154,f,17775416
00:01:08:159511,A,d0697524,6258695096,991,mbrS6V2tRbksMPO0y8EI9B9XT2ASaPRTNndslCGN/2A=,1,9,0.06873,0.07959,5.817e-05,f,17775458
00:01:08:159945,A,bc232320,6258695096,883,mbrS6V2tRbksMPO0y8EI9B9XT2ASaPRTNndslCGN/2A=,1,9,0.06873,0.07959,5.817e-05,f,17775531
00:01:08:474795,A,2ea03ab4,6272793742,5512,fJYeclskJqPWsAT6TX/r9X5OiIZpSEb2PBGliYAOMxM=,0,4,0.03748,0.02545,0.0001154,f,17775610
00:01:08:696550,A,2c92046b,6272793742,9276,fJYeclskJqPWsAT6TX/r9X5OiIZpSEb2PBGliYAOMxM=,0,4,0.03748,0.02545,0.0001154,f,17775688
00:01:08:696758,A,e584ebe0,6258695096,712,mbrS6V2tRbksMPO0y8EI9B9XT2ASaPRTNndslCGN/2A=,1,9,0.06873,0.07959,5.817e-05,f,17775711
00:01:08:696891,A,9403b525,6258695096,75,mbrS6V2tRbksMPO0y8EI9B9XT2ASaPRTNndslCGN/2A=,1,9,0.06873,0.07959,5.817e-05,f,17775730
00:01:08:696943,A,74aee730,6258695096,677,mbrS6V2tRbksMPO0y8EI9B9XT2ASaPRTNndslCGN/2A=,1,9,0.06873,0.07959,5.817e-05,f,17775738
