00:00:01:203530,G,cc9257c5,60,2013-08-01 00:13:51,2013-08-01 00:14:51,416,40.68753406,-73.97265183,416,40.68753406,-73.97265183,16317,Customer,\N,0,0
00:00:02:601131,A,9d4333f2,61,2013-08-01 00:29:56,2013-08-01 00:30:57,294,40.73049393,-73.9957214,294,40.73049393,-73.9957214,17933,Subscriber,1941,1,0
00:00:39:409458,A,d50a1f1b,63,2013-08-01 07:33:31,2013-08-01 07:34:34,509,40.7454973,-74.00197139,509,40.7454973,-74.00197139,19710,Subscriber,1960,2,3
00:01:13:373341,A,d1e79a6f,67,2013-08-01 14:04:22,2013-08-01 14:05:29,363,40.70834698,-74.01713445,363,40.70834698,-74.01713445,15912,Subscriber,1960,2,0
00:01:42:258067,A,a7bc9e4e,67,2013-08-01 19:36:46,2013-08-01 19:37:53,160,40.748238,-73.978311,160,40.748238,-73.978311,18005,Subscriber,1958,1,7
00:01:51:005746,G,4341ac4d,61,2013-08-01 21:17:26,2013-08-01 21:18:27,349,40.71850211,-73.98329859,349,40.71850211,-73.98329859,17884,Customer,\N,0,6
00:02:43:571487,A,ea399e40,65,2013-08-02 07:22:21,2013-08-02 07:23:26,259,40.70122128,-74.01234218,259,40.70122128,-74.01234218,20346,Subscriber,1958,2,4
00:02:51:415433,A,a3b4283e,63,2013-08-02 08:52:37,2013-08-02 08:53:40,468,40.7652654,-73.98192338,469,40.76344058,-73.98268129,17793,Subscriber,1956,1,4
00:03:10:136049,G,58054e68,65,2013-08-02 12:28:03,2013-08-02 12:29:08,2009,40.71117444,-73.99682619,2009,40.71117444,-73.99682619,16454,Customer,\N,0,9
00:03:18:414482,A,ec9a4a2c,68,2013-08-02 14:03:19,2013-08-02 14:04:27,462,40.74691959,-74.00451887,462,40.74691959,-74.00451887,16136,Subscriber,1952,1,5
00:03:24:119303,G,1175809f,63,2013-08-02 15:08:58,2013-08-02 15:10:01,417,40.71291224,-74.01020234,417,40.71291224,-74.01020234,15502,Customer,\N,0,5
00:03:27:225887,G,a1e721b9,64,2013-08-02 15:44:43,2013-08-02 15:45:47,379,40.749156,-73.9916,379,40.749156,-73.9916,16299,Customer,\N,0,12
00:03:35:799773,A,1df65d2a,68,2013-08-02 17:23:23,2013-08-02 17:24:31,153,40.752062307,-73.9816324043,153,40.752062307,-73.9816324043,15433,Subscriber,1953,1,5
00:03:40:350305,A,91b4d9c9,66,2013-08-02 18:15:45,2013-08-02 18:16:51,387,40.71273266,-74.0046073,387,40.71273266,-74.0046073,16476,Subscriber,1959,1,11
00:03:58:316360,A,46c2af29,66,2013-08-02 21:42:30,2013-08-02 21:43:36,351,40.70530954,-74.00612572,351,40.70530954,-74.00612572,19626,Subscriber,1961,2,17
00:04:00:141208,G,f15ace0f,68,2013-08-02 22:03:30,2013-08-02 22:04:38,146,40.71625008,-74.0091059,146,40.71625008,-74.0091059,16575,Customer,\N,0,11
00:04:58:465353,G,417da55f,62,2013-08-03 09:14:41,2013-08-03 09:15:43,352,40.76340613,-73.97722479,352,40.76340613,-73.97722479,17251,Customer,\N,0,8
00:05:02:501742,G,e970ec95,66,2013-08-03 10:01:08,2013-08-03 10:02:14,416,40.68753406,-73.97265183,416,40.68753406,-73.97265183,15094,Customer,\N,0,6
00:05:17:946321,A,11e49698,61,2013-08-03 12:58:52,2013-08-03 12:59:53,468,40.7652654,-73.98192338,468,40.7652654,-73.98192338,17558,Subscriber,1958,1,8
00:05:24:226113,G,5eef0e9a,62,2013-08-03 14:11:08,2013-08-03 14:12:10,323,40.69236178,-73.98631746,323,40.69236178,-73.98631746,19707,Customer,\N,0,22
00:05:28:116224,A,2d3c710c,68,2013-08-03 14:55:54,2013-08-03 14:57:02,420,40.68764484,-73.96968902,420,40.68764484,-73.96968902,17442,Subscriber,1954,1,23
00:05:39:582348,G,14bfd378,65,2013-08-03 17:07:51,2013-08-03 17:08:56,503,40.73827428,-73.98751968,503,40.73827428,-73.98751968,19542,Customer,\N,0,11
00:05:39:588142,G,67765c2d,60,2013-08-03 17:07:55,2013-08-03 17:08:55,72,40.76727216,-73.99392888,72,40.76727216,-73.99392888,16844,Customer,\N,0,18
00:05:39:903870,A,632f9bec,66,2013-08-03 17:11:33,2013-08-03 17:12:39,417,40.71291224,-74.01020234,417,40.71291224,-74.01020234,15965,Subscriber,1959,1,13
00:05:39:993663,A,06ca7a08,62,2013-08-03 17:12:35,2013-08-03 17:13:37,427,40.70251526,-74.01427023,83,40.68382604,-73.97632328,19157,Subscriber,1958,1,1
00:05:43:523149,G,5dccbf08,64,2013-08-03 17:53:12,2013-08-03 17:54:16,462,40.74691959,-74.00451887,462,40.74691959,-74.00451887,19819,Customer,\N,0,21
00:05:48:702240,G,61962014,67,2013-08-03 18:52:48,2013-08-03 18:53:55,2002,40.716887,-73.963198,2002,40.716887,-73.963198,18646,Customer,\N,0,22
00:05:49:671147,G,1b8d6c95,62,2013-08-03 19:03:57,2013-08-03 19:04:59,428,40.72467721,-73.98783413,428,40.72467721,-73.98783413,18816,Customer,\N,0,16
00:05:50:647294,G,8fcec826,64,2013-08-03 19:15:11,2013-08-03 19:16:15,387,40.71273266,-74.0046073,387,40.71273266,-74.0046073,16201,Customer,\N,0,8
00:05:55:236931,A,61f2f942,69,2013-08-03 20:08:00,2013-08-03 20:09:09,383,40.735238,-74.000271,383,40.735238,-74.000271,20127,Subscriber,1940,1,17
00:06:01:972934,A,c7fc9c62,66,2013-08-03 21:25:31,2013-08-03 21:26:37,334,40.74238787,-73.99726235,334,40.74238787,-73.99726235,19449,Subscriber,1957,1,7
00:06:02:074314,A,7a77c5e8,61,2013-08-03 21:26:41,2013-08-03 21:27:42,334,40.74238787,-73.99726235,334,40.74238787,-73.99726235,19456,Subscriber,1957,1,19
00:06:11:657659,G,851459f2,66,2013-08-03 23:16:58,2013-08-03 23:18:04,2003,40.73416059,-73.98024289,2003,40.73416059,-73.98024289,20210,Customer,\N,0,25
00:06:16:012671,A,ccfeef32,66,2013-08-04 00:07:05,2013-08-04 00:08:11,532,40.710451,-73.960876,532,40.710451,-73.960876,17031,Subscriber,1955,1,11
00:07:08:611722,A,490d37f1,69,2013-08-04 10:12:23,2013-08-04 10:13:32,465,40.75513557,-73.98658032,465,40.75513557,-73.98658032,18622,Subscriber,1957,1,28
00:07:11:222990,G,60326740,66,2013-08-04 10:42:26,2013-08-04 10:43:32,363,40.70834698,-74.01713445,363,40.70834698,-74.01713445,16314,Customer,\N,0,21
00:07:15:488209,A,d13ff8c0,60,2013-08-04 11:31:31,2013-08-04 11:32:31,229,40.72743423,-73.99379025,229,40.72743423,-73.99379025,17565,Subscriber,1961,1,22
00:07:21:334961,A,95f45486,65,2013-08-04 12:38:48,2013-08-04 12:39:53,236,40.7284186,-73.98713956,236,40.7284186,-73.98713956,17355,Subscriber,1945,1,36
00:07:22:154695,G,fc4ee744,69,2013-08-04 12:48:14,2013-08-04 12:49:23,259,40.70122128,-74.01234218,259,40.70122128,-74.01234218,15677,Customer,\N,0,23
00:07:27:488753,A,c13951ed,65,2013-08-04 13:49:37,2013-08-04 13:50:42,426,40.71754834,-74.01322069,426,40.71754834,-74.01322069,15964,Subscriber,1954,1,12
00:07:29:128219,G,ff6cc3e1,66,2013-08-04 14:08:29,2013-08-04 14:09:35,475,40.73524276,-73.98758561,475,40.73524276,-73.98758561,20178,Customer,\N,0,30
00:07:32:339080,G,9bd58aaf,60,2013-08-04 14:45:26,2013-08-04 14:46:26,2005,40.70531194,-73.97100056,2005,40.70531194,-73.97100056,15932,Customer,\N,0,0
00:07:42:081737,G,f83d6ccf,63,2013-08-04 16:37:33,2013-08-04 16:38:36,466,40.74395411,-73.99144871,466,40.74395411,-73.99144871,18604,Customer,\N,0,16
00:07:44:584385,G,84982d18,64,2013-08-04 17:06:21,2013-08-04 17:07:25,327,40.7153379,-74.01658354,327,40.7153379,-74.01658354,18143,Customer,\N,0,22
00:07:46:574338,G,679078e1,63,2013-08-04 17:29:15,2013-08-04 17:30:18,436,40.68216564,-73.95399026,436,40.68216564,-73.95399026,17883,Customer,\N,0,32
00:07:59:821859,G,8c6697cd,66,2013-08-04 20:01:42,2013-08-04 20:02:48,519,40.75188406,-73.97770164,519,40.75188406,-73.97770164,20131,Customer,\N,0,7
00:07:59:956550,G,ce5e0c5f,67,2013-08-04 20:03:15,2013-08-04 20:04:22,420,40.68764484,-73.96968902,420,40.68764484,-73.96968902,15629,Customer,\N,0,16
00:08:01:241184,G,09bd8399,60,2013-08-04 20:18:02,2013-08-04 20:19:02,368,40.73038599,-74.00214988,368,40.73038599,-74.00214988,19919,Customer,\N,0,26
00:08:59:156912,A,0af2c2c2,63,2013-08-05 07:24:31,2013-08-05 07:25:34,285,40.73454567,-73.99074142,285,40.73454567,-73.99074142,15242,Subscriber,1954,1,13
00:09:06:942928,A,c7a4df34,61,2013-08-05 08:54:07,2013-08-05 08:55:08,79,40.71911552,-74.00666661,79,40.71911552,-74.00666661,17208,Subscriber,1956,1,24
00:09:07:713418,A,a92307b0,68,2013-08-05 09:02:59,2013-08-05 09:04:07,468,40.7652654,-73.98192338,469,40.76344058,-73.98268129,15170,Subscriber,1956,1,7
00:09:49:115726,A,67983756,67,2013-08-05 16:59:26,2013-08-05 17:00:33,518,40.74780373,-73.9734419,2021,40.75929124,-73.98859651,18478,Subscriber,1954,1,32
00:09:50:391671,G,38b3b207,67,2013-08-05 17:14:07,2013-08-05 17:15:14,496,40.73726186,-73.99238967,496,40.73726186,-73.99238967,17064,Customer,\N,0,41
00:09:53:771983,A,f26f874d,68,2013-08-05 17:53:01,2013-08-05 17:54:09,332,40.71219906,-73.97948148,332,40.71219906,-73.97948148,19120,Subscriber,1955,1,36
00:09:59:175560,G,b9c59016,62,2013-08-05 18:55:12,2013-08-05 18:56:14,447,40.76370739,-73.9851615,447,40.76370739,-73.9851615,16023,Customer,\N,0,35
00:10:11:236931,G,931ca5a8,62,2013-08-05 21:14:00,2013-08-05 21:15:02,173,40.76064679,-73.98442659,173,40.76064679,-73.98442659,19131,Customer,\N,0,44
00:10:33:811449,G,846d39ac,61,2013-08-06 01:33:47,2013-08-06 01:34:48,296,40.71413089,-73.9970468,296,40.71413089,-73.9970468,20569,Customer,\N,0,43
00:10:34:392215,G,f676b288,60,2013-08-06 01:40:28,2013-08-06 01:41:28,469,40.76344058,-73.98268129,469,40.76344058,-73.98268129,19867,Customer,\N,0,39
00:10:48:263951,A,28559d43,68,2013-08-06 04:20:06,2013-08-06 04:21:14,450,40.76227205,-73.98788205,463,40.74206539,-74.00443172,14656,Subscriber,1961,1,35
00:11:09:088933,A,943787be,61,2013-08-06 08:19:45,2013-08-06 08:20:46,517,40.75149263,-73.97798848,517,40.75149263,-73.97798848,18739,Subscriber,1948,1,39
00:11:32:538220,G,6f980f59,60,2013-08-06 12:49:36,2013-08-06 12:50:36,500,40.76228826,-73.98336183,500,40.76228826,-73.98336183,14896,Customer,\N,0,33
00:11:38:742701,G,f9730083,60,2013-08-06 14:01:00,2013-08-06 14:02:00,480,40.76669671,-73.99061728,545,40.736502,-73.97809472,16268,Customer,\N,0,21
00:11:51:186422,A,32e2d5c4,60,2013-08-06 16:24:12,2013-08-06 16:25:12,453,40.74475148,-73.99915362,453,40.74475148,-73.99915362,18358,Subscriber,1955,1,19
00:11:56:601584,A,91ea2ce6,63,2013-08-06 17:26:31,2013-08-06 17:27:34,533,40.75299641,-73.98721619,533,40.75299641,-73.98721619,20366,Subscriber,1960,1,13
00:11:57:970219,G,e682770b,63,2013-08-06 17:42:16,2013-08-06 17:43:19,147,40.71542197,-74.01121978,147,40.71542197,-74.01121978,15848,Customer,\N,0,47
00:12:07:678117,G,9a997537,61,2013-08-06 19:33:59,2013-08-06 19:35:00,237,40.73047309,-73.98672378,237,40.73047309,-73.98672378,14841,Customer,\N,0,52
00:12:13:516179,G,e432e013,62,2013-08-06 20:41:10,2013-08-06 20:42:12,305,40.76095756,-73.96724467,305,40.76095756,-73.96724467,18860,Customer,\N,0,73
00:13:33:556008,G,b0330612,62,2013-08-07 12:02:15,2013-08-07 12:03:17,524,40.75527307,-73.98316936,524,40.75527307,-73.98316936,16472,Customer,\N,0,44
00:13:35:766100,A,7f1e7497,61,2013-08-07 12:27:41,2013-08-07 12:28:42,280,40.73331967,-73.99510132,280,40.73331967,-73.99510132,18713,Subscriber,1954,2,36
00:13:46:134420,A,221d03ba,65,2013-08-07 14:27:00,2013-08-07 14:28:05,401,40.72019576,-73.98997825,401,40.72019576,-73.98997825,18884,Subscriber,1961,1,45
00:14:17:088753,G,b2915241,62,2013-08-07 20:23:13,2013-08-07 20:24:15,450,40.76227205,-73.98788205,450,40.76227205,-73.98788205,19946,Customer,\N,0,50
00:14:29:822130,A,dc8f1d42,66,2013-08-07 22:49:45,2013-08-07 22:50:51,127,40.73172428,-74.00674436,127,40.73172428,-74.00674436,18745,Subscriber,1957,1,19
00:15:20:577506,G,26004c75,69,2013-08-08 08:33:50,2013-08-08 08:34:59,281,40.7643971,-73.97371465,281,40.7643971,-73.97371465,20103,Customer,\N,0,47
00:15:32:505633,A,97c972e6,69,2013-08-08 10:51:06,2013-08-08 10:52:15,355,40.71602118,-73.99974372,355,40.71602118,-73.99974372,18646,Subscriber,1953,1,62
00:15:34:728760,G,fce36cac,66,2013-08-08 11:16:41,2013-08-08 11:17:47,357,40.73261787,-73.99158043,357,40.73261787,-73.99158043,17161,Customer,\N,0,22
00:15:34:736003,G,21a4f474,65,2013-08-08 11:16:46,2013-08-08 11:17:51,459,40.746745,-74.007756,459,40.746745,-74.007756,17441,Customer,\N,0,50
00:15:37:987416,A,3358d165,67,2013-08-08 11:54:11,2013-08-08 11:55:18,237,40.73047309,-73.98672378,237,40.73047309,-73.98672378,19543,Subscriber,1953,1,38
00:15:55:896988,A,c0da2354,62,2013-08-08 15:20:17,2013-08-08 15:21:19,528,40.74290902,-73.97706058,528,40.74290902,-73.97706058,15242,Subscriber,1958,1,17
00:16:01:978366,G,191d86bd,69,2013-08-08 16:30:16,2013-08-08 16:31:25,355,40.71602118,-73.99974372,355,40.71602118,-73.99974372,19793,Customer,\N,0,20
00:16:06:497034,A,a15cd3ad,67,2013-08-08 17:22:16,2013-08-08 17:23:23,276,40.71748752,-74.0104554,146,40.71625008,-74.0091059,14733,Subscriber,1947,1,57
00:16:15:763204,A,7f702bd1,60,2013-08-08 19:08:54,2013-08-08 19:09:54,403,40.72502876,-73.99069656,403,40.72502876,-73.99069656,17760,Subscriber,1953,1,5
00:16:18:503371,G,8e021fe8,63,2013-08-08 19:40:26,2013-08-08 19:41:29,195,40.70905623,-74.01043382,195,40.70905623,-74.01043382,17073,Customer,\N,0,61
00:17:37:177460,G,b3a7a76b,61,2013-08-09 10:45:48,2013-08-09 10:46:49,393,40.72299208,-73.97995466,393,40.72299208,-73.97995466,18355,Customer,\N,0,48
00:17:39:355690,A,38a7eab2,69,2013-08-09 11:10:52,2013-08-09 11:12:01,510,40.7606597,-73.98042047,510,40.7606597,-73.98042047,14916,Subscriber,1961,1,31
00:18:01:323376,A,6e8c4ce5,63,2013-08-09 15:23:40,2013-08-09 15:24:43,323,40.69236178,-73.98631746,323,40.69236178,-73.98631746,15683,Subscriber,1961,1,54
00:18:10:443266,A,c7e38be9,69,2013-08-09 17:08:37,2013-08-09 17:09:46,386,40.71494807,-74.00234482,386,40.71494807,-74.00234482,19741,Subscriber,1951,1,27
00:18:15:080695,G,179c34e8,64,2013-08-09 18:01:59,2013-08-09 18:03:03,363,40.70834698,-74.01713445,363,40.70834698,-74.01713445,15288,Customer,\N,0,78
00:18:19:218464,A,b3d7254a,63,2013-08-09 18:49:36,2013-08-09 18:50:39,382,40.73492695,-73.99200509,382,40.73492695,-73.99200509,20119,Subscriber,1956,1,27
00:18:32:894681,A,9bef681d,64,2013-08-09 21:26:59,2013-08-09 21:28:03,531,40.71893904,-73.99266288,531,40.71893904,-73.99266288,19147,Subscriber,1958,1,68
00:19:40:374925,G,4032820a,63,2013-08-10 10:23:32,2013-08-10 10:24:35,497,40.73704984,-73.99009296,497,40.73704984,-73.99009296,17063,Customer,\N,0,35
00:19:42:033219,G,8bd88fc9,62,2013-08-10 10:42:37,2013-08-10 10:43:39,546,40.74444921,-73.98303529,546,40.74444921,-73.98303529,15477,Customer,\N,0,70
00:19:42:505363,G,d94708e6,68,2013-08-10 10:48:03,2013-08-10 10:49:11,363,40.70834698,-74.01713445,363,40.70834698,-74.01713445,19251,Customer,\N,0,68
00:19:42:816744,G,fc275a96,69,2013-08-10 10:51:38,2013-08-10 10:52:47,290,40.76020258,-73.96478473,290,40.76020258,-73.96478473,15368,Customer,\N,0,36
00:19:44:047792,G,5fe498ce,65,2013-08-10 11:05:48,2013-08-10 11:06:53,363,40.70834698,-74.01713445,363,40.70834698,-74.01713445,19251,Customer,\N,0,69
00:19:44:183932,G,ce5a610d,61,2013-08-10 11:07:22,2013-08-10 11:08:23,510,40.7606597,-73.98042047,510,40.7606597,-73.98042047,16115,Customer,\N,0,60
00:19:46:191264,A,720678c3,62,2013-08-10 11:30:28,2013-08-10 11:31:30,305,40.76095756,-73.96724467,305,40.76095756,-73.96724467,15977,Subscriber,1952,2,64
00:19:46:394024,G,7ed040ad,60,2013-08-10 11:32:48,2013-08-10 11:33:48,265,40.72229346,-73.99147535,265,40.72229346,-73.99147535,17991,Customer,\N,0,64
00:19:47:824936,G,8411b772,60,2013-08-10 11:49:16,2013-08-10 11:50:16,518,40.74780373,-73.9734419,518,40.74780373,-73.9734419,15430,Customer,\N,0,77
00:19:50:543381,G,9a4ac2fd,60,2013-08-10 12:20:33,2013-08-10 12:21:33,237,40.73047309,-73.98672378,237,40.73047309,-73.98672378,19416,Customer,\N,0,33
00:19:52:316090,G,9797ba94,62,2013-08-10 12:40:57,2013-08-10 12:41:59,268,40.71910537,-73.99973337,268,40.71910537,-73.99973337,16247,Customer,\N,0,51
00:19:53:340031,G,9cd15222,65,2013-08-10 12:52:44,2013-08-10 12:53:49,367,40.75828065,-73.97069431,367,40.75828065,-73.97069431,20008,Customer,\N,0,52
00:20:00:959492,A,c57bc747,61,2013-08-10 14:20:25,2013-08-10 14:21:26,323,40.69236178,-73.98631746,323,40.69236178,-73.98631746,16203,Subscriber,1961,1,56
00:20:13:894183,A,d9707fd3,69,2013-08-10 16:49:16,2013-08-10 16:50:25,304,40.70463334,-74.01361706,304,40.70463334,-74.01361706,19973,Subscriber,1958,2,57
00:20:18:806788,G,acbadeaf,61,2013-08-10 17:45:48,2013-08-10 17:46:49,358,40.73291553,-74.00711384,358,40.73291553,-74.00711384,18086,Customer,\N,0,65
00:20:18:828513,G,70636d3b,67,2013-08-10 17:46:03,2013-08-10 17:47:10,457,40.76695317,-73.98169333,457,40.76695317,-73.98169333,19643,Customer,\N,0,97
00:20:19:154379,G,2ead28e7,67,2013-08-10 17:49:48,2013-08-10 17:50:55,342,40.71739973,-73.98016555,342,40.71739973,-73.98016555,15725,Customer,\N,0,26
00:20:21:177640,G,69eacf93,60,2013-08-10 18:13:05,2013-08-10 18:14:05,391,40.69760127,-73.99344559,391,40.69760127,-73.99344559,17237,Customer,\N,0,38
00:20:24:108983,A,bd802efc,63,2013-08-10 18:46:49,2013-08-10 18:47:52,293,40.73028666,-73.9907647,293,40.73028666,-73.9907647,17387,Subscriber,1957,2,70
00:20:25:418239,A,b0745176,60,2013-08-10 19:01:53,2013-08-10 19:02:53,511,40.72938685,-73.97772429,511,40.72938685,-73.97772429,18782,Subscriber,1950,1,87
00:20:33:683637,G,e82da5bb,65,2013-08-10 20:37:00,2013-08-10 20:38:05,386,40.71494807,-74.00234482,386,40.71494807,-74.00234482,14945,Customer,\N,0,84
00:20:49:849467,G,f6c942fc,62,2013-08-10 23:43:02,2013-08-10 23:44:04,443,40.70853074,-73.96408963,443,40.70853074,-73.96408963,15585,Customer,\N,0,50
00:21:04:933423,G,61df4056,69,2013-08-11 02:36:37,2013-08-11 02:37:46,483,40.73223272,-73.98889957,346,40.73652889,-74.00618026,16555,Customer,\N,0,40
00:21:10:218239,G,232df2a9,60,2013-08-11 03:37:26,2013-08-11 03:38:26,438,40.72779126,-73.98564945,438,40.72779126,-73.98564945,18400,Customer,\N,0,66
00:21:29:923692,A,a8953a8f,66,2013-08-11 07:24:12,2013-08-11 07:25:18,160,40.748238,-73.978311,160,40.748238,-73.978311,16559,Subscriber,1951,1,76
00:21:49:180175,G,d99b80c7,69,2013-08-11 11:05:48,2013-08-11 11:06:57,466,40.74395411,-73.99144871,466,40.74395411,-73.99144871,17565,Customer,\N,0,54
00:22:11:580899,G,b4012e83,69,2013-08-11 15:23:35,2013-08-11 15:24:44,513,40.768254,-73.988639,513,40.768254,-73.988639,14788,Customer,\N,0,86
00:22:12:454219,G,8ad66423,67,2013-08-11 15:33:38,2013-08-11 15:34:45,342,40.71739973,-73.98016555,342,40.71739973,-73.98016555,17014,Customer,\N,0,66
00:22:13:468024,G,46ac44b3,64,2013-08-11 15:45:18,2013-08-11 15:46:22,352,40.76340613,-73.97722479,352,40.76340613,-73.97722479,18633,Customer,\N,0,48
00:22:15:039420,G,09480d1f,60,2013-08-11 16:03:23,2013-08-11 16:04:23,430,40.7014851,-73.98656928,430,40.7014851,-73.98656928,16459,Customer,\N,0,1
00:22:18:910703,A,155b3947,62,2013-08-11 16:47:56,2013-08-11 16:48:58,540,40.74147286,-73.98320928,540,40.74147286,-73.98320928,16661,Subscriber,1955,1,118
00:22:19:589951,G,27e8f25a,67,2013-08-11 16:55:45,2013-08-11 16:56:52,150,40.7208736,-73.98085795,150,40.7208736,-73.98085795,20223,Customer,\N,0,63
00:22:23:816066,G,d1e6ee67,60,2013-08-11 17:44:23,2013-08-11 17:45:23,447,40.76370739,-73.9851615,447,40.76370739,-73.9851615,15662,Customer,\N,0,74
00:22:25:371530,G,ba85d7ca,67,2013-08-11 18:02:17,2013-08-11 18:03:24,79,40.71911552,-74.00666661,79,40.71911552,-74.00666661,16571,Customer,\N,0,101
00:22:26:042090,G,32b2b2eb,63,2013-08-11 18:10:00,2013-08-11 18:11:03,521,40.75044999,-73.99481051,521,40.75044999,-73.99481051,18157,Customer,\N,0,58
00:22:27:532383,G,9f8b337d,66,2013-08-11 18:27:09,2013-08-11 18:28:15,377,40.72243797,-74.00566443,377,40.72243797,-74.00566443,20205,Customer,\N,0,56
00:22:46:134238,G,07e9c99f,68,2013-08-11 22:01:13,2013-08-11 22:02:21,146,40.71625008,-74.0091059,146,40.71625008,-74.0091059,19041,Customer,\N,0,68
00:22:56:834216,G,dad0bc23,62,2013-08-12 00:04:21,2013-08-12 00:05:23,266,40.72368361,-73.97574813,266,40.72368361,-73.97574813,16345,Customer,\N,0,44
00:23:38:678251,G,3e059c2f,61,2013-08-12 08:05:53,2013-08-12 08:06:54,329,40.72043411,-74.01020609,329,40.72043411,-74.01020609,16923,Customer,\N,0,94
00:23:40:009232,G,60f7b1e5,69,2013-08-12 08:21:12,2013-08-12 08:22:21,426,40.71754834,-74.01322069,519,40.75188406,-73.97770164,16337,Customer,\N,0,113
00:24:24:859921,A,bde85f8d,63,2013-08-12 16:57:20,2013-08-12 16:58:23,382,40.73492695,-73.99200509,382,40.73492695,-73.99200509,17775,Subscriber,1959,1,71
00:24:59:158361,G,d3ad7be5,62,2013-08-12 23:32:02,2013-08-12 23:33:04,490,40.751551,-73.993934,490,40.751551,-73.993934,16333,Customer,\N,0,103
00:26:26:762614,A,8186647d,61,2013-08-13 16:20:10,2013-08-13 16:21:11,253,40.73543934,-73.99453948,253,40.73543934,-73.99453948,16602,Subscriber,1953,1,38
00:27:40:967277,G,24a5bf89,65,2013-08-14 06:34:06,2013-08-14 06:35:11,2009,40.71117444,-73.99682619,2009,40.71117444,-73.99682619,19339,Customer,\N,0,100
00:27:52:197329,A,45c0d69a,67,2013-08-14 08:43:20,2013-08-14 08:44:27,468,40.7652654,-73.98192338,469,40.76344058,-73.98268129,15509,Subscriber,1956,1,107
00:28:07:233490,A,d8a6251d,65,2013-08-14 11:36:22,2013-08-14 11:37:27,519,40.75188406,-73.97770164,519,40.75188406,-73.97770164,17210,Subscriber,1956,2,53
00:28:11:319121,G,504a759a,63,2013-08-14 12:23:23,2013-08-14 12:24:26,251,40.72317958,-73.99480012,251,40.72317958,-73.99480012,15696,Customer,\N,0,81
00:28:12:444443,G,37074656,66,2013-08-14 12:36:20,2013-08-14 12:37:26,128,40.72710258,-74.00297088,128,40.72710258,-74.00297088,17619,Customer,\N,0,54
00:28:16:692282,A,60fe81c4,62,2013-08-14 13:25:13,2013-08-14 13:26:15,318,40.75320159,-73.9779874,459,40.746745,-74.007756,16003,Subscriber,1954,1,79
00:28:25:649965,A,a1a6ba20,68,2013-08-14 15:08:18,2013-08-14 15:09:26,195,40.70905623,-74.01043382,195,40.70905623,-74.01043382,18789,Subscriber,1950,2,102
00:28:36:147181,G,3854edda,65,2013-08-14 17:09:06,2013-08-14 17:10:11,454,40.75455731,-73.96592976,454,40.75455731,-73.96592976,16890,Customer,\N,0,112
00:28:43:691331,G,53acfc62,60,2013-08-14 18:35:55,2013-08-14 18:36:55,293,40.73028666,-73.9907647,293,40.73028666,-73.9907647,15806,Customer,\N,0,72
00:28:50:330301,A,73da7127,67,2013-08-14 19:52:19,2013-08-14 19:53:26,232,40.69597683,-73.99014892,232,40.69597683,-73.99014892,19344,Subscriber,1951,1,121
00:28:54:746141,A,b379f8cc,61,2013-08-14 20:43:08,2013-08-14 20:44:09,401,40.72019576,-73.98997825,401,40.72019576,-73.98997825,16965,Subscriber,1952,2,92
00:29:21:390358,G,b778a731,60,2013-08-15 01:49:45,2013-08-15 01:50:45,469,40.76344058,-73.98268129,469,40.76344058,-73.98268129,15080,Customer,\N,0,105
00:30:22:980403,A,6ac19f3c,63,2013-08-15 13:38:31,2013-08-15 13:39:34,360,40.70717936,-74.00887308,360,40.70717936,-74.00887308,17160,Subscriber,1953,2,102
00:30:30:437654,G,583721fd,68,2013-08-15 15:04:20,2013-08-15 15:05:28,285,40.73454567,-73.99074142,285,40.73454567,-73.99074142,15337,Customer,\N,0,84
00:30:37:095450,A,2735f74d,63,2013-08-15 16:20:57,2013-08-15 16:22:00,545,40.736502,-73.97809472,545,40.736502,-73.97809472,20152,Subscriber,1959,1,143
00:30:45:004570,G,619da6fb,69,2013-08-15 17:51:58,2013-08-15 17:53:07,387,40.71273266,-74.0046073,387,40.71273266,-74.0046073,17769,Customer,\N,0,62
00:30:56:185379,A,7de15a36,68,2013-08-15 20:00:38,2013-08-15 20:01:46,390,40.69221589,-73.9842844,323,40.69236178,-73.98631746,14791,Subscriber,1958,1,114
00:32:03:384656,G,3509b28f,65,2013-08-16 08:53:57,2013-08-16 08:55:02,375,40.72679454,-73.99695094,375,40.72679454,-73.99695094,20247,Customer,\N,0,130
00:32:14:325051,G,41e55ebc,69,2013-08-16 10:59:51,2013-08-16 11:01:00,531,40.71893904,-73.99266288,531,40.71893904,-73.99266288,19915,Customer,\N,0,100
00:32:18:551164,G,9a428b70,67,2013-08-16 11:48:29,2013-08-16 11:49:36,304,40.70463334,-74.01361706,304,40.70463334,-74.01361706,18637,Customer,\N,0,98
00:32:26:017108,A,4cb0c6da,61,2013-08-16 13:14:24,2013-08-16 13:15:25,459,40.746745,-74.007756,459,40.746745,-74.007756,14889,Subscriber,1959,1,119
00:32:35:380312,G,6feec05c,61,2013-08-16 15:02:09,2013-08-16 15:03:10,358,40.73291553,-74.00711384,358,40.73291553,-74.00711384,19714,Customer,\N,0,125
00:32:43:379226,G,78a7847e,69,2013-08-16 16:34:12,2013-08-16 16:35:21,434,40.74317449,-74.00366443,463,40.74206539,-74.00443172,15624,Customer,\N,0,90
00:32:49:115908,G,d6c29a03,60,2013-08-16 17:40:13,2013-08-16 17:41:13,268,40.71910537,-73.99973337,268,40.71910537,-73.99973337,15849,Customer,\N,0,123
00:32:57:992486,G,61d27980,68,2013-08-16 19:22:22,2013-08-16 19:23:30,323,40.69236178,-73.98631746,323,40.69236178,-73.98631746,15928,Customer,\N,0,108
00:33:11:399320,A,809aa8ba,66,2013-08-16 21:56:39,2013-08-16 21:57:45,79,40.71911552,-74.00666661,79,40.71911552,-74.00666661,16810,Subscriber,1960,2,113
00:33:14:993979,A,808775f6,61,2013-08-16 22:38:01,2013-08-16 22:39:02,528,40.74290902,-73.97706058,528,40.74290902,-73.97706058,17900,Subscriber,1955,1,60
00:33:29:938900,A,c0417344,62,2013-08-17 01:30:00,2013-08-17 01:31:02,276,40.71748752,-74.0104554,276,40.71748752,-74.0104554,18669,Subscriber,1960,2,124
00:34:10:619959,G,c032098b,61,2013-08-17 09:18:09,2013-08-17 09:19:10,459,40.746745,-74.007756,325,40.73624527,-73.98473765,15493,Customer,\N,0,102
00:34:17:105408,G,f5422aa7,61,2013-08-17 10:32:47,2013-08-17 10:33:48,505,40.74901271,-73.98848395,505,40.74901271,-73.98848395,15367,Customer,\N,0,100
00:34:26:494681,A,729cf2e7,66,2013-08-17 12:20:50,2013-08-17 12:21:56,367,40.75828065,-73.97069431,229,40.72743423,-73.99379025,17628,Subscriber,1949,1,87
00:34:27:640280,G,66e72339,63,2013-08-17 12:34:01,2013-08-17 12:35:04,466,40.74395411,-73.99144871,466,40.74395411,-73.99144871,15467,Customer,\N,0,92
00:34:32:452953,G,b1492e1f,69,2013-08-17 13:29:24,2013-08-17 13:30:33,516,40.75206862,-73.96784384,455,40.75001986,-73.96905301,19192,Customer,\N,0,160
00:34:32:768679,G,20840411,60,2013-08-17 13:33:02,2013-08-17 13:34:02,251,40.72317958,-73.99480012,251,40.72317958,-73.99480012,19732,Customer,\N,0,121
00:34:33:555103,G,215bed43,68,2013-08-17 13:42:05,2013-08-17 13:43:13,352,40.76340613,-73.97722479,352,40.76340613,-73.97722479,19396,Customer,\N,0,124
00:34:33:557999,G,50c243a4,61,2013-08-17 13:42:07,2013-08-17 13:43:08,352,40.76340613,-73.97722479,352,40.76340613,-73.97722479,18158,Customer,\N,0,83
00:34:43:399140,A,e23c3624,66,2013-08-17 15:35:22,2013-08-17 15:36:28,327,40.7153379,-74.01658354,327,40.7153379,-74.01658354,15842,Subscriber,1961,2,98
00:34:45:432541,G,51858789,65,2013-08-17 15:58:46,2013-08-17 15:59:51,324,40.689888,-73.981013,324,40.689888,-73.981013,17014,Customer,\N,0,88
00:34:51:463225,G,ac5a6844,66,2013-08-17 17:08:10,2013-08-17 17:09:16,195,40.70905623,-74.01043382,195,40.70905623,-74.01043382,19720,Customer,\N,0,19
00:34:59:457796,G,029b8597,66,2013-08-17 18:40:10,2013-08-17 18:41:16,315,40.70355377,-74.00670227,315,40.70355377,-74.00670227,18622,Customer,\N,0,108
00:35:00:002353,A,16db7d1c,64,2013-08-17 18:46:26,2013-08-17 18:47:30,486,40.7462009,-73.98855723,317,40.72453734,-73.98185424,15607,Subscriber,1958,1,109
00:35:00:532426,G,05b434ce,60,2013-08-17 18:52:32,2013-08-17 18:53:32,401,40.72019576,-73.98997825,401,40.72019576,-73.98997825,17557,Customer,\N,0,116
00:35:01:048020,G,8869d386,64,2013-08-17 18:58:28,2013-08-17 18:59:32,375,40.72679454,-73.99695094,375,40.72679454,-73.99695094,20066,Customer,\N,0,95
00:35:01:625887,G,c5606d29,63,2013-08-17 19:05:07,2013-08-17 19:06:10,422,40.770513,-73.988038,422,40.770513,-73.988038,17812,Customer,\N,0,140
00:35:04:715093,G,f95ed97f,65,2013-08-17 19:40:40,2013-08-17 19:41:45,404,40.7405826,-74.00550867,404,40.7405826,-74.00550867,15590,Customer,\N,0,107
00:35:05:398687,G,92c9aa8f,66,2013-08-17 19:48:32,2013-08-17 19:49:38,507,40.73912601,-73.97973776,507,40.73912601,-73.97973776,20137,Customer,\N,0,41
00:35:17:147227,G,664e39e4,61,2013-08-17 22:03:44,2013-08-17 22:04:45,268,40.71910537,-73.99973337,268,40.71910537,-73.99973337,15370,Customer,\N,0,121
00:35:26:842090,G,1af8fa4a,64,2013-08-17 23:55:18,2013-08-17 23:56:22,359,40.75510267,-73.97498696,359,40.75510267,-73.97498696,17833,Customer,\N,0,162
00:36:13:997012,A,dfd032d8,63,2013-08-18 08:57:57,2013-08-18 08:59:00,284,40.7390169121,-74.0026376103,284,40.7390169121,-74.0026376103,17830,Subscriber,1959,2,87
00:36:15:288887,G,f5f55858,64,2013-08-18 09:12:49,2013-08-18 09:13:53,444,40.7423543,-73.98915076,444,40.7423543,-73.98915076,17811,Customer,\N,0,151
00:36:17:115184,G,a5e3e916,62,2013-08-18 09:33:50,2013-08-18 09:34:52,2021,40.75929124,-73.98859651,488,40.75645824,-73.99372222,15679,Customer,\N,0,129
00:36:23:784565,G,0fc0c77e,69,2013-08-18 10:50:35,2013-08-18 10:51:44,376,40.70862144,-74.00722156,306,40.70823502,-74.00530063,16451,Customer,\N,0,83
00:36:26:245214,G,28d22c48,65,2013-08-18 11:18:54,2013-08-18 11:19:59,345,40.73649403,-73.99704374,345,40.73649403,-73.99704374,20139,Customer,\N,0,87
00:36:28:184476,G,781ef7a9,64,2013-08-18 11:41:13,2013-08-18 11:42:17,301,40.72217444,-73.98368779,301,40.72217444,-73.98368779,16323,Customer,\N,0,106
00:36:28:581306,G,f68a3b53,64,2013-08-18 11:45:47,2013-08-18 11:46:51,531,40.71893904,-73.99266288,531,40.71893904,-73.99266288,17990,Customer,\N,0,125
00:36:43:915817,G,b56dd8e0,68,2013-08-18 14:42:15,2013-08-18 14:43:23,447,40.76370739,-73.9851615,447,40.76370739,-73.9851615,16474,Customer,\N,0,95
00:36:44:975967,A,d44773ea,61,2013-08-18 14:54:27,2013-08-18 14:55:28,454,40.75455731,-73.96592976,454,40.75455731,-73.96592976,19166,Subscriber,1953,1,129
00:36:47:581443,G,d1967ea6,67,2013-08-18 15:24:26,2013-08-18 15:25:33,316,40.70955958,-74.00653609,316,40.70955958,-74.00653609,15278,Customer,\N,0,147
00:36:56:320434,G,c5ab6ff6,65,2013-08-18 17:05:00,2013-08-18 17:06:05,458,40.751396,-74.005226,458,40.751396,-74.005226,15604,Customer,\N,0,134
00:36:56:869335,A,6932fc30,64,2013-08-18 17:11:19,2013-08-18 17:12:23,310,40.68926942,-73.98912867,310,40.68926942,-73.98912867,18806,Subscriber,1944,1,93
00:36:57:166235,G,2357d069,66,2013-08-18 17:14:44,2013-08-18 17:15:50,387,40.71273266,-74.0046073,387,40.71273266,-74.0046073,15314,Customer,\N,0,64
00:36:57:389273,G,fe115285,68,2013-08-18 17:17:18,2013-08-18 17:18:26,531,40.71893904,-73.99266288,531,40.71893904,-73.99266288,19938,Customer,\N,0,198
00:37:07:182619,G,10370845,66,2013-08-18 19:10:00,2013-08-18 19:11:06,387,40.71273266,-74.0046073,387,40.71273266,-74.0046073,19219,Customer,\N,0,101
00:37:11:404390,G,88c813f2,67,2013-08-18 19:58:35,2013-08-18 19:59:42,531,40.71893904,-73.99266288,531,40.71893904,-73.99266288,15343,Customer,\N,0,114
00:37:12:229915,G,13c76fab,61,2013-08-18 20:08:05,2013-08-18 20:09:06,382,40.73492695,-73.99200509,382,40.73492695,-73.99200509,16288,Customer,\N,0,97
00:37:12:289295,G,c88d1dd7,62,2013-08-18 20:08:46,2013-08-18 20:09:48,511,40.72938685,-73.97772429,511,40.72938685,-73.97772429,16293,Customer,\N,0,113
00:38:04:372752,A,e26e39f5,62,2013-08-19 06:08:08,2013-08-19 06:09:10,477,40.75640548,-73.9900262,477,40.75640548,-73.9900262,19553,Subscriber,1957,1,94
00:38:28:969086,A,f56f51fe,66,2013-08-19 10:51:11,2013-08-19 10:52:17,457,40.76695317,-73.98169333,468,40.7652654,-73.98192338,15942,Subscriber,1956,1,16
00:38:34:117762,A,960ceaa6,64,2013-08-19 11:50:26,2013-08-19 11:51:30,312,40.722055,-73.989111,445,40.72740794,-73.98142006,16070,Subscriber,1954,1,117
00:38:40:506177,G,65617646,61,2013-08-19 13:03:57,2013-08-19 13:04:58,465,40.75513557,-73.98658032,465,40.75513557,-73.98658032,20159,Customer,\N,0,118
00:38:40:626386,A,61d5dec5,61,2013-08-19 13:05:20,2013-08-19 13:06:21,147,40.71542197,-74.01121978,147,40.71542197,-74.01121978,15644,Subscriber,1960,1,84
00:39:06:918668,A,f55fde4b,60,2013-08-19 18:07:54,2013-08-19 18:08:54,474,40.7451677,-73.98683077,474,40.7451677,-73.98683077,19870,Subscriber,1956,1,112
00:39:17:835889,A,1964306f,62,2013-08-19 20:13:32,2013-08-19 20:14:34,305,40.76095756,-73.96724467,2003,40.73416059,-73.98024289,19717,Subscriber,1957,2,111
00:40:44:488616,G,9103650a,62,2013-08-20 12:50:43,2013-08-20 12:51:45,312,40.722055,-73.989111,312,40.722055,-73.989111,18209,Customer,\N,0,127
00:41:21:718397,G,9237f1c4,69,2013-08-20 19:59:09,2013-08-20 20:00:18,411,40.72228087,-73.97668709,411,40.72228087,-73.97668709,17168,Customer,\N,0,101
00:41:29:953382,G,b5bcf84d,65,2013-08-20 21:33:55,2013-08-20 21:35:00,526,40.74765947,-73.98490707,526,40.74765947,-73.98490707,17517,Customer,\N,0,88
00:41:33:592939,G,99b83e7b,66,2013-08-20 22:15:48,2013-08-20 22:16:54,228,40.7546011026,-73.971878855,228,40.7546011026,-73.971878855,16663,Customer,\N,0,104
00:41:44:116224,G,4df5db9f,64,2013-08-21 00:16:54,2013-08-21 00:17:58,312,40.722055,-73.989111,312,40.722055,-73.989111,15317,Customer,\N,0,125
00:42:19:429915,A,c0270733,69,2013-08-21 07:03:17,2013-08-21 07:04:26,247,40.73535398,-74.00483091,247,40.73535398,-74.00483091,18647,Subscriber,1960,1,119
00:42:21:863045,A,87ba6c12,62,2013-08-21 07:31:17,2013-08-21 07:32:19,488,40.75645824,-73.99372222,488,40.75645824,-73.99372222,19387,Subscriber,1958,1,139
00:42:38:912333,G,9ce81702,63,2013-08-21 10:47:29,2013-08-21 10:48:32,315,40.70355377,-74.00670227,315,40.70355377,-74.00670227,16751,Customer,\N,0,132
00:43:02:444172,A,8d4c1da1,67,2013-08-21 15:18:17,2013-08-21 15:19:24,498,40.74854862,-73.98808416,435,40.74173969,-73.99415556,16367,Subscriber,1954,2,113
00:43:04:623851,A,a19f6267,62,2013-08-21 15:43:22,2013-08-21 15:44:24,328,40.72405549,-74.00965965,328,40.72405549,-74.00965965,18660,Subscriber,1951,1,159
00:43:05:240822,G,1aec5c90,63,2013-08-21 15:50:28,2013-08-21 15:51:31,2008,40.70569254,-74.01677685,2008,40.70569254,-74.01677685,15158,Customer,\N,0,151
00:43:06:881737,G,5da4985b,64,2013-08-21 16:09:21,2013-08-21 16:10:25,315,40.70355377,-74.00670227,315,40.70355377,-74.00670227,19575,Customer,\N,0,152
00:43:12:191173,G,a7acfc2b,69,2013-08-21 17:10:27,2013-08-21 17:11:36,468,40.7652654,-73.98192338,468,40.7652654,-73.98192338,20528,Customer,\N,0,145
00:43:14:842995,G,0cc8419a,60,2013-08-21 17:40:58,2013-08-21 17:41:58,281,40.7643971,-73.97371465,281,40.7643971,-73.97371465,20003,Customer,\N,0,159
00:43:16:457841,A,68b72653,60,2013-08-21 17:59:33,2013-08-21 18:00:33,402,40.7403432,-73.98955109,402,40.7403432,-73.98955109,16386,Subscriber,1948,1,38
00:43:16:987914,A,e874ceb6,63,2013-08-21 18:05:39,2013-08-21 18:06:42,517,40.75149263,-73.97798848,517,40.75149263,-73.97798848,17740,Subscriber,1959,1,83
00:43:28:798733,G,4c06499b,68,2013-08-21 20:21:34,2013-08-21 20:22:42,422,40.770513,-73.988038,422,40.770513,-73.988038,19621,Customer,\N,0,154
00:44:34:112333,A,92ccaf22,60,2013-08-22 08:53:11,2013-08-22 08:54:11,514,40.76087502,-74.00277668,495,40.76269882,-73.99301222,19952,Subscriber,1961,1,165
00:44:51:793075,A,38bb9852,61,2013-08-22 12:16:39,2013-08-22 12:17:40,498,40.74854862,-73.98808416,498,40.74854862,-73.98808416,16732,Subscriber,1960,2,99
00:45:32:802895,A,89366ec7,69,2013-08-22 20:08:35,2013-08-22 20:09:44,266,40.72368361,-73.97574813,266,40.72368361,-73.97574813,15801,Subscriber,1959,2,102
00:45:52:996423,G,9dae6828,66,2013-08-23 00:00:58,2013-08-23 00:02:04,465,40.75513557,-73.98658032,326,40.72953837,-73.98426726,15846,Customer,\N,0,94
00:46:41:745914,G,404cfef2,67,2013-08-23 09:21:58,2013-08-23 09:23:05,434,40.74317449,-74.00366443,434,40.74317449,-74.00366443,19823,Customer,\N,0,84
00:46:48:377640,A,7355d2c5,64,2013-08-23 10:38:17,2013-08-23 10:39:21,462,40.74691959,-74.00451887,462,40.74691959,-74.00451887,19455,Subscriber,1957,2,177
00:47:02:440551,A,c5b838ff,66,2013-08-23 13:20:07,2013-08-23 13:21:13,281,40.7643971,-73.97371465,281,40.7643971,-73.97371465,15407,Subscriber,1956,1,32
00:47:04:979406,A,7c11ad60,61,2013-08-23 13:49:20,2013-08-23 13:50:21,391,40.69760127,-73.99344559,391,40.69760127,-73.99344559,17826,Subscriber,1955,2,128
00:47:06:797012,A,a494e259,64,2013-08-23 14:10:15,2013-08-23 14:11:19,2000,40.70255088,-73.98940236,2000,40.70255088,-73.98940236,17141,Subscriber,1961,2,185
00:47:07:974472,G,7d98c195,60,2013-08-23 14:23:48,2013-08-23 14:24:48,417,40.71291224,-74.01020234,417,40.71291224,-74.01020234,16950,Customer,\N,0,144
00:47:11:095541,G,50566ea5,61,2013-08-23 14:59:43,2013-08-23 15:00:44,484,40.75500254,-73.98014437,484,40.75500254,-73.98014437,19485,Customer,\N,0,119
00:47:16:803259,G,f6ab4a9a,65,2013-08-23 16:05:24,2013-08-23 16:06:29,258,40.68940747,-73.96885458,258,40.68940747,-73.96885458,17536,Customer,\N,0,138
00:47:20:125638,A,902fa7e1,67,2013-08-23 16:43:38,2013-08-23 16:44:45,353,40.68539567,-73.97431458,353,40.68539567,-73.97431458,19886,Subscriber,1958,1,90
00:47:27:600271,A,d5079672,68,2013-08-23 18:09:39,2013-08-23 18:10:47,503,40.73827428,-73.98751968,503,40.73827428,-73.98751968,19914,Subscriber,1960,2,104
00:47:29:965331,A,d07a58b4,69,2013-08-23 18:36:52,2013-08-23 18:38:01,274,40.68691865,-73.976682,274,40.68691865,-73.976682,15482,Subscriber,1949,1,112
00:47:31:422312,A,cb53cc96,65,2013-08-23 18:53:38,2013-08-23 18:54:43,499,40.76915505,-73.98191841,499,40.76915505,-73.98191841,16324,Subscriber,1961,1,174
00:47:39:316948,A,52e3407e,68,2013-08-23 20:24:29,2013-08-23 20:25:37,327,40.7153379,-74.01658354,327,40.7153379,-74.01658354,20285,Subscriber,1945,1,122
00:47:42:603122,A,245ada15,64,2013-08-23 21:02:18,2013-08-23 21:03:22,482,40.73935542,-73.99931783,482,40.73935542,-73.99931783,19147,Subscriber,1950,1,147
00:48:00:664766,A,c6a01395,64,2013-08-24 00:30:09,2013-08-24 00:31:13,380,40.73401143,-74.00293877,380,40.73401143,-74.00293877,19993,Subscriber,1945,1,160
00:48:35:415071,A,e0fa3c3c,65,2013-08-24 07:10:03,2013-08-24 07:11:08,515,40.76009437,-73.99461843,515,40.76009437,-73.99461843,18705,Subscriber,1955,1,138
00:48:36:353564,A,6654c1eb,63,2013-08-24 07:20:51,2013-08-24 07:21:54,348,40.72490985,-74.00154702,348,40.72490985,-74.00154702,15553,Subscriber,1949,1,145
00:48:48:732110,G,52f83ed0,64,2013-08-24 09:43:18,2013-08-24 09:44:22,439,40.7262807,-73.98978041,439,40.7262807,-73.98978041,19728,Customer,\N,0,163
00:49:01:604524,G,90205f60,64,2013-08-24 12:11:26,2013-08-24 12:12:30,225,40.74195138,-74.00803013,225,40.74195138,-74.00803013,18958,Customer,\N,0,154
00:49:01:808734,G,1950d7a9,63,2013-08-24 12:13:47,2013-08-24 12:14:50,342,40.71739973,-73.98016555,342,40.71739973,-73.98016555,19957,Customer,\N,0,66
00:49:06:844443,G,03ab6db3,69,2013-08-24 13:11:44,2013-08-24 13:12:53,469,40.76344058,-73.98268129,469,40.76344058,-73.98268129,19270,Customer,\N,0,99
00:49:06:889340,A,9f11138c,61,2013-08-24 13:12:15,2013-08-24 13:13:16,388,40.749717753,-74.002950346,479,40.76019252,-73.9912551,19447,Subscriber,1961,1,141
00:49:14:122109,A,aa796ecb,68,2013-08-24 14:35:29,2013-08-24 14:36:37,434,40.74317449,-74.00366443,434,40.74317449,-74.00366443,19010,Subscriber,1960,1,157
00:49:14:251005,G,4aeb3b8f,61,2013-08-24 14:36:58,2013-08-24 14:37:59,423,40.76584941,-73.98690506,423,40.76584941,-73.98690506,19677,Customer,\N,0,153
00:49:15:345914,G,ba0d670a,62,2013-08-24 14:49:34,2013-08-24 14:50:36,508,40.76341379,-73.99667444,508,40.76341379,-73.99667444,18221,Customer,\N,0,137
00:49:15:729711,G,6e369ba4,68,2013-08-24 14:53:59,2013-08-24 14:55:07,237,40.73047309,-73.98672378,237,40.73047309,-73.98672378,16074,Customer,\N,0,155
00:49:20:636523,G,dc2ae727,67,2013-08-24 15:50:27,2013-08-24 15:51:34,2006,40.76590936,-73.97634151,2006,40.76590936,-73.97634151,15292,Customer,\N,0,67
00:49:22:968272,G,80747278,60,2013-08-24 16:17:17,2013-08-24 16:18:17,225,40.74195138,-74.00803013,225,40.74195138,-74.00803013,18958,Customer,\N,0,155
00:49:32:102648,A,a7619d48,66,2013-08-24 18:02:24,2013-08-24 18:03:30,479,40.76019252,-73.9912551,479,40.76019252,-73.9912551,17512,Subscriber,1958,1,119
00:49:32:679066,G,285d9c58,65,2013-08-24 18:09:02,2013-08-24 18:10:07,407,40.700469,-73.991454,407,40.700469,-73.991454,16519,Customer,\N,0,118
00:49:33:508938,A,afdae8ec,61,2013-08-24 18:18:35,2013-08-24 18:19:36,290,40.76020258,-73.96478473,290,40.76020258,-73.96478473,18830,Subscriber,1954,1,143
00:49:35:429371,G,299eba72,65,2013-08-24 18:40:41,2013-08-24 18:41:46,439,40.7262807,-73.98978041,439,40.7262807,-73.98978041,15395,Customer,\N,0,188
00:49:36:782077,G,f385f3d3,65,2013-08-24 18:56:15,2013-08-24 18:57:20,353,40.68539567,-73.97431458,353,40.68539567,-73.97431458,18252,Customer,\N,0,156
00:49:39:875627,G,9bf3c61d,60,2013-08-24 19:31:51,2013-08-24 19:32:51,281,40.7643971,-73.97371465,281,40.7643971,-73.97371465,15292,Customer,\N,0,70
00:49:52:034034,G,0cb825c0,66,2013-08-24 21:51:46,2013-08-24 21:52:52,444,40.7423543,-73.98915076,444,40.7423543,-73.98915076,16013,Customer,\N,0,104
00:49:52:220863,G,f4df753c,66,2013-08-24 21:53:55,2013-08-24 21:55:01,386,40.71494807,-74.00234482,386,40.71494807,-74.00234482,16367,Customer,\N,0,131
00:50:54:882643,G,196f4500,68,2013-08-25 09:55:01,2013-08-25 09:56:09,457,40.76695317,-73.98169333,457,40.76695317,-73.98169333,14913,Customer,\N,0,172
00:50:59:465037,A,e77db1c2,65,2013-08-25 10:47:45,2013-08-25 10:48:50,342,40.71739973,-73.98016555,342,40.71739973,-73.98016555,20382,Subscriber,1958,2,147
00:51:16:586738,A,065e0344,63,2013-08-25 14:04:47,2013-08-25 14:05:50,534,40.70255065,-74.0127234,534,40.70255065,-74.0127234,16225,Subscriber,1960,1,200
00:51:22:860736,G,0a92621e,66,2013-08-25 15:16:59,2013-08-25 15:18:05,398,40.69165183,-73.9999786,398,40.69165183,-73.9999786,15320,Customer,\N,0,74
00:51:24:071508,G,29f42e4e,62,2013-08-25 15:30:55,2013-08-25 15:31:57,116,40.74177603,-74.00149746,116,40.74177603,-74.00149746,16969,Customer,\N,0,85
00:51:25:091106,G,bf337bcb,67,2013-08-25 15:42:39,2013-08-25 15:43:46,383,40.735238,-74.000271,383,40.735238,-74.000271,17153,Customer,\N,0,81
00:51:27:034712,G,28d81bec,68,2013-08-25 16:05:01,2013-08-25 16:06:09,173,40.76064679,-73.98442659,173,40.76064679,-73.98442659,16733,Customer,\N,0,132
00:51:29:845847,A,3e9b678c,60,2013-08-25 16:37:22,2013-08-25 16:38:22,336,40.73047747,-73.99906065,336,40.73047747,-73.99906065,19763,Subscriber,1959,1,202
00:51:36:793301,A,1b67ef67,69,2013-08-25 17:57:19,2013-08-25 17:58:28,265,40.72229346,-73.99147535,265,40.72229346,-73.99147535,18562,Subscriber,1957,1,154
00:51:40:567548,G,f69d4c38,62,2013-08-25 18:40:45,2013-08-25 18:41:47,504,40.73221853,-73.98165557,504,40.73221853,-73.98165557,18614,Customer,\N,0,181
00:51:46:268024,G,a8d08419,67,2013-08-25 19:46:21,2013-08-25 19:47:28,524,40.75527307,-73.98316936,434,40.74317449,-74.00366443,14801,Customer,\N,0,168
00:51:47:228240,G,52eb67d6,60,2013-08-25 19:57:24,2013-08-25 19:58:24,468,40.7652654,-73.98192338,468,40.7652654,-73.98192338,19570,Customer,\N,0,176
00:51:53:144512,G,d864d6ff,60,2013-08-25 21:05:29,2013-08-25 21:06:29,228,40.7546011026,-73.971878855,228,40.7546011026,-73.971878855,17805,Customer,\N,0,96
00:51:57:945597,A,d893992c,60,2013-08-25 22:00:44,2013-08-25 22:01:44,362,40.75172632,-73.98753523,362,40.75172632,-73.98753523,16631,Subscriber,1949,1,165
00:52:00:078931,G,e26a74c3,62,2013-08-25 22:25:17,2013-08-25 22:26:19,512,40.7500727,-73.99839279,512,40.7500727,-73.99839279,20579,Customer,\N,0,122
00:53:17:071554,G,7c7ee512,65,2013-08-26 13:11:18,2013-08-26 13:12:23,352,40.76340613,-73.97722479,352,40.76340613,-73.97722479,20582,Customer,\N,0,165
00:53:37:727088,A,3eb4f008,63,2013-08-26 17:09:00,2013-08-26 17:10:03,432,40.72621788,-73.98379855,432,40.72621788,-73.98379855,19612,Subscriber,1951,1,152
00:53:39:302828,A,1a825c55,68,2013-08-26 17:27:08,2013-08-26 17:28:16,375,40.72679454,-73.99695094,375,40.72679454,-73.99695094,20070,Subscriber,1945,1,180
00:53:39:315862,A,0e99cefa,64,2013-08-26 17:27:17,2013-08-26 17:28:21,527,40.74315566,-73.97434726,527,40.74315566,-73.97434726,18801,Subscriber,1957,1,173
00:53:40:809050,G,5a042733,66,2013-08-26 17:44:28,2013-08-26 17:45:34,243,40.687979,-73.978474,243,40.687979,-73.978474,16717,Customer,\N,0,181
00:53:46:936773,G,343846d9,61,2013-08-26 18:54:59,2013-08-26 18:56:00,285,40.73454567,-73.99074142,285,40.73454567,-73.99074142,18798,Customer,\N,0,54
00:53:59:841050,A,58c5b279,69,2013-08-26 21:23:29,2013-08-26 21:24:38,127,40.73172428,-74.00674436,127,40.73172428,-74.00674436,16535,Subscriber,1948,1,144
00:54:49:445032,G,9dd69abd,67,2013-08-27 06:54:19,2013-08-27 06:55:26,236,40.7284186,-73.98713956,236,40.7284186,-73.98713956,18846,Customer,\N,0,172
00:55:26:108530,G,83af1428,69,2013-08-27 13:56:14,2013-08-27 13:57:23,510,40.7606597,-73.98042047,510,40.7606597,-73.98042047,16337,Customer,\N,0,241
00:55:40:897034,A,2a5fd31e,65,2013-08-27 16:46:25,2013-08-27 16:47:30,401,40.72019576,-73.98997825,401,40.72019576,-73.98997825,18674,Subscriber,1961,1,20
00:55:46:312196,G,8d3044a7,64,2013-08-27 17:48:44,2013-08-27 17:49:48,351,40.70530954,-74.00612572,351,40.70530954,-74.00612572,16117,Customer,\N,0,176
00:57:03:875445,A,29961cd8,65,2013-08-28 08:41:19,2013-08-28 08:42:24,528,40.74290902,-73.97706058,528,40.74290902,-73.97706058,16330,Subscriber,1951,1,118
00:57:10:016202,G,ed154d59,64,2013-08-28 09:51:59,2013-08-28 09:53:03,259,40.70122128,-74.01234218,259,40.70122128,-74.01234218,19416,Customer,\N,0,190
00:57:26:764244,G,bb3a592a,61,2013-08-28 13:04:43,2013-08-28 13:05:44,534,40.70255065,-74.0127234,534,40.70255065,-74.0127234,16607,Customer,\N,0,178
00:57:38:263678,G,61963b2b,67,2013-08-28 15:17:03,2013-08-28 15:18:10,510,40.7606597,-73.98042047,510,40.7606597,-73.98042047,19874,Customer,\N,0,89
00:57:45:510929,A,33477e8d,62,2013-08-28 16:40:27,2013-08-28 16:41:29,2012,40.739445,-73.976806,2012,40.739445,-73.976806,15384,Subscriber,1957,2,283
00:57:50:969539,A,ff03a3b5,65,2013-08-28 17:43:16,2013-08-28 17:44:21,442,40.746647,-73.993915,528,40.74290902,-73.97706058,18201,Subscriber,1954,1,193
00:58:08:534420,G,5c17ffb8,65,2013-08-28 21:05:24,2013-08-28 21:06:29,412,40.7158155,-73.99422366,412,40.7158155,-73.99422366,15529,Customer,\N,0,159
00:58:22:564018,G,bd22127e,64,2013-08-28 23:46:51,2013-08-28 23:47:55,468,40.7652654,-73.98192338,469,40.76344058,-73.98268129,14545,Customer,\N,0,185
00:59:02:877211,A,ce83d603,67,2013-08-29 07:30:46,2013-08-29 07:31:53,285,40.73454567,-73.99074142,379,40.749156,-73.9916,18693,Subscriber,1957,1,166
00:59:08:781895,A,4947d6e2,62,2013-08-29 08:38:43,2013-08-29 08:39:45,470,40.74345335,-74.00004031,470,40.74345335,-74.00004031,17208,Subscriber,1957,2,152
00:59:25:676214,G,4d639d67,68,2013-08-29 11:53:08,2013-08-29 11:54:16,311,40.7172274,-73.98802084,311,40.7172274,-73.98802084,19705,Customer,\N,0,181
00:59:25:912287,A,ac3cbb08,63,2013-08-29 11:55:51,2013-08-29 11:56:54,361,40.71605866,-73.99190759,361,40.71605866,-73.99190759,15860,Subscriber,1956,2,229
00:59:58:462638,G,8589e7a4,60,2013-08-29 18:10:26,2013-08-29 18:11:26,499,40.76915505,-73.98191841,499,40.76915505,-73.98191841,16902,Customer,\N,0,182
01:00:12:566100,A,8ccc7b6c,61,2013-08-29 20:52:44,2013-08-29 20:53:45,274,40.68691865,-73.976682,274,40.68691865,-73.976682,15239,Subscriber,1960,2,233
01:00:14:771849,G,f09a466c,60,2013-08-29 21:18:07,2013-08-29 21:19:07,195,40.70905623,-74.01043382,195,40.70905623,-74.01043382,17268,Customer,\N,0,172
01:00:24:747680,G,ba45c79a,64,2013-08-29 23:12:55,2013-08-29 23:13:59,422,40.770513,-73.988038,422,40.770513,-73.988038,19803,Customer,\N,0,225
01:01:54:198505,G,304250be,61,2013-08-30 16:22:18,2013-08-30 16:23:19,318,40.75320159,-73.9779874,318,40.75320159,-73.9779874,18568,Customer,\N,0,115
01:01:56:743153,A,777207db,64,2013-08-30 16:51:35,2013-08-30 16:52:39,435,40.74173969,-73.99415556,435,40.74173969,-73.99415556,19981,Subscriber,1951,2,228
01:02:01:493550,G,08c6563e,68,2013-08-30 17:46:15,2013-08-30 17:47:23,427,40.70251526,-74.01427023,427,40.70251526,-74.01427023,19048,Customer,\N,0,79
01:03:32:454944,G,42cdd784,67,2013-08-31 11:13:01,2013-08-31 11:14:08,504,40.73221853,-73.98165557,504,40.73221853,-73.98165557,18332,Customer,\N,0,135
01:03:49:556370,G,f207e985,66,2013-08-31 14:29:49,2013-08-31 14:30:55,336,40.73047747,-73.99906065,336,40.73047747,-73.99906065,18368,Customer,\N,0,204
01:03:50:061823,G,c7ebde8d,66,2013-08-31 14:35:38,2013-08-31 14:36:44,336,40.73047747,-73.99906065,336,40.73047747,-73.99906065,18368,Customer,\N,0,205
01:03:54:933876,G,724a244a,65,2013-08-31 15:31:42,2013-08-31 15:32:47,312,40.722055,-73.989111,312,40.722055,-73.989111,17470,Customer,\N,0,171
01:04:00:008688,A,c0a627d4,64,2013-08-31 16:30:06,2013-08-31 16:31:10,388,40.749717753,-74.002950346,388,40.749717753,-74.002950346,17913,Subscriber,1955,2,145
01:04:01:449738,G,b4fd6d65,64,2013-08-31 16:46:41,2013-08-31 16:47:45,388,40.749717753,-74.002950346,388,40.749717753,-74.002950346,17954,Customer,\N,0,173
01:04:03:851005,G,9316e3b5,65,2013-08-31 17:14:19,2013-08-31 17:15:24,484,40.75500254,-73.98014437,484,40.75500254,-73.98014437,15845,Customer,\N,0,249
01:04:06:353653,G,35427799,61,2013-08-31 17:43:07,2013-08-31 17:44:08,480,40.76669671,-73.99061728,480,40.76669671,-73.99061728,18087,Customer,\N,0,183
01:04:06:453586,G,54971ee7,62,2013-08-31 17:44:16,2013-08-31 17:45:18,251,40.72317958,-73.99480012,251,40.72317958,-73.99480012,15887,Customer,\N,0,161
01:04:09:086580,G,4c7ac267,62,2013-08-31 18:14:34,2013-08-31 18:15:36,147,40.71542197,-74.01121978,147,40.71542197,-74.01121978,16943,Customer,\N,0,241
01:04:09:890382,G,a9e6cbdc,60,2013-08-31 18:23:49,2013-08-31 18:24:49,312,40.722055,-73.989111,312,40.722055,-73.989111,18503,Customer,\N,0,44
01:04:12:154060,G,4cbcb3a1,60,2013-08-31 18:49:52,2013-08-31 18:50:52,456,40.7597108,-73.97402311,456,40.7597108,-73.97402311,17067,Customer,\N,0,174
01:04:14:482914,A,ef4c6feb,62,2013-08-31 19:16:40,2013-08-31 19:17:42,285,40.73454567,-73.99074142,285,40.73454567,-73.99074142,20576,Subscriber,1956,1,116
01:04:17:076804,G,4ef72692,61,2013-08-31 19:46:31,2013-08-31 19:47:32,351,40.70530954,-74.00612572,351,40.70530954,-74.00612572,19533,Customer,\N,0,136
01:04:22:799003,G,54343e34,64,2013-08-31 20:52:22,2013-08-31 20:53:26,281,40.7643971,-73.97371465,281,40.7643971,-73.97371465,14633,Customer,\N,0,195
01:04:23:692599,G,4ba4509c,63,2013-08-31 21:02:39,2013-08-31 21:03:42,444,40.7423543,-73.98915076,444,40.7423543,-73.98915076,17281,Customer,\N,0,218
